date,storefront,currency,productId,customerPrice
2026-10-02,AFG,USD,com.pustotin.zerobalance.clothing.aurora_patch,1.59
2026-10-02,AGO,USD,com.pustotin.zerobalance.clothing.aurora_patch,1.59
2026-10-02,AIA,USD,com.pustotin.zerobalance.clothing.aurora_patch,1.59
2026-10-02,ALB,USD,com.pustotin.zerobalance.clothing.aurora_patch,1.59
2026-10-02,ARE,AED,com.pustotin.zerobalance.clothing.aurora_patch,5.49
2026-10-02,ARG,USD,com.pustotin.zerobalance.clothing.aurora_patch,1.59
2026-10-02,ARM,USD,com.pustotin.zerobalance.clothing.aurora_patch,1.59
2026-10-02,ATG,USD,com.pustotin.zerobalance.clothing.aurora_patch,1.59
2026-10-02,AUS,AUD,com.pustotin.zerobalance.clothing.aurora_patch,1.69
2026-10-02,AUT,EUR,com.pustotin.zerobalance.clothing.aurora_patch,1.59
2026-10-02,AZE,USD,com.pustotin.zerobalance.clothing.aurora_patch,1.59
2026-10-02,BEL,EUR,com.pustotin.zerobalance.clothing.aurora_patch,1.59
2026-10-02,BEN,USD,com.pustotin.zerobalance.clothing.aurora_patch,1.59
2026-10-02,BFA,USD,com.pustotin.zerobalance.clothing.aurora_patch,1.59
2026-10-02,BGR,EUR,com.pustotin.zerobalance.clothing.aurora_patch,1.59
2026-10-02,BHR,USD,com.pustotin.zerobalance.clothing.aurora_patch,1.59
2026-10-02,BHS,USD,com.pustotin.zerobalance.clothing.aurora_patch,1.59
2026-10-02,BIH,EUR,com.pustotin.zerobalance.clothing.aurora_patch,1.59
2026-10-02,BLR,USD,com.pustotin.zerobalance.clothing.aurora_patch,1.59
2026-10-02,BLZ,USD,com.pustotin.zerobalance.clothing.aurora_patch,1.59
2026-10-02,BMU,USD,com.pustotin.zerobalance.clothing.aurora_patch,1.59
2026-10-02,BOL,USD,com.pustotin.zerobalance.clothing.aurora_patch,1.59
2026-10-02,BRA,BRL,com.pustotin.zerobalance.clothing.aurora_patch,4.9
2026-10-02,BRB,USD,com.pustotin.zerobalance.clothing.aurora_patch,1.59
2026-10-02,BRN,USD,com.pustotin.zerobalance.clothing.aurora_patch,1.59
2026-10-02,BTN,USD,com.pustotin.zerobalance.clothing.aurora_patch,1.59
2026-10-02,BWA,USD,com.pustotin.zerobalance.clothing.aurora_patch,1.59
2026-10-02,CAN,CAD,com.pustotin.zerobalance.clothing.aurora_patch,1.59
2026-10-02,CHE,CHF,com.pustotin.zerobalance.clothing.aurora_patch,1.8
2026-10-02,CHL,CLP,com.pustotin.zerobalance.clothing.aurora_patch,990
2026-10-02,CHN,CNY,com.pustotin.zerobalance.clothing.aurora_patch,6.5
2026-10-02,CIV,USD,com.pustotin.zerobalance.clothing.aurora_patch,1.59
2026-10-02,CMR,USD,com.pustotin.zerobalance.clothing.aurora_patch,1.59
2026-10-02,COD,USD,com.pustotin.zerobalance.clothing.aurora_patch,1.59
2026-10-02,COG,USD,com.pustotin.zerobalance.clothing.aurora_patch,1.59
2026-10-02,COL,COP,com.pustotin.zerobalance.clothing.aurora_patch,6000.0
2026-10-02,CPV,USD,com.pustotin.zerobalance.clothing.aurora_patch,1.59
2026-10-02,CRI,USD,com.pustotin.zerobalance.clothing.aurora_patch,1.59
2026-10-02,CYM,USD,com.pustotin.zerobalance.clothing.aurora_patch,1.59
2026-10-02,CYP,EUR,com.pustotin.zerobalance.clothing.aurora_patch,1.59
2026-10-02,CZE,CZK,com.pustotin.zerobalance.clothing.aurora_patch,22.0
2026-10-02,DEU,EUR,com.pustotin.zerobalance.clothing.aurora_patch,1.59
2026-10-02,DMA,USD,com.pustotin.zerobalance.clothing.aurora_patch,1.59
2026-10-02,DNK,DKK,com.pustotin.zerobalance.clothing.aurora_patch,19.0
2026-10-02,DOM,USD,com.pustotin.zerobalance.clothing.aurora_patch,1.59
2026-10-02,DZA,USD,com.pustotin.zerobalance.clothing.aurora_patch,1.59
2026-10-02,ECU,USD,com.pustotin.zerobalance.clothing.aurora_patch,1.59
2026-10-02,EGY,EGP,com.pustotin.zerobalance.clothing.aurora_patch,13.99
2026-10-02,ESP,EUR,com.pustotin.zerobalance.clothing.aurora_patch,1.59
2026-10-02,EST,EUR,com.pustotin.zerobalance.clothing.aurora_patch,1.59
2026-10-02,FIN,EUR,com.pustotin.zerobalance.clothing.aurora_patch,1.59
2026-10-02,FJI,USD,com.pustotin.zerobalance.clothing.aurora_patch,1.59
2026-10-02,FRA,EUR,com.pustotin.zerobalance.clothing.aurora_patch,1.59
2026-10-02,FSM,USD,com.pustotin.zerobalance.clothing.aurora_patch,1.59
2026-10-02,GAB,USD,com.pustotin.zerobalance.clothing.aurora_patch,1.59
2026-10-02,GBR,GBP,com.pustotin.zerobalance.clothing.aurora_patch,1.59
2026-10-02,GEO,USD,com.pustotin.zerobalance.clothing.aurora_patch,1.59
2026-10-02,GHA,USD,com.pustotin.zerobalance.clothing.aurora_patch,1.59
2026-10-02,GMB,USD,com.pustotin.zerobalance.clothing.aurora_patch,1.59
2026-10-02,GNB,USD,com.pustotin.zerobalance.clothing.aurora_patch,1.59
2026-10-02,GRC,EUR,com.pustotin.zerobalance.clothing.aurora_patch,1.59
2026-10-02,GRD,USD,com.pustotin.zerobalance.clothing.aurora_patch,1.59
2026-10-02,GTM,USD,com.pustotin.zerobalance.clothing.aurora_patch,1.59
2026-10-02,GUY,USD,com.pustotin.zerobalance.clothing.aurora_patch,1.59
2026-10-02,HKG,HKD,com.pustotin.zerobalance.clothing.aurora_patch,18.0
2026-10-02,HND,USD,com.pustotin.zerobalance.clothing.aurora_patch,1.59
2026-10-02,HRV,EUR,com.pustotin.zerobalance.clothing.aurora_patch,1.59
2026-10-02,HUN,HUF,com.pustotin.zerobalance.clothing.aurora_patch,600
2026-10-02,IDN,IDR,com.pustotin.zerobalance.clothing.aurora_patch,10500
2026-10-02,IND,INR,com.pustotin.zerobalance.clothing.aurora_patch,60.0
2026-10-02,IRL,EUR,com.pustotin.zerobalance.clothing.aurora_patch,1.59
2026-10-02,IRQ,USD,com.pustotin.zerobalance.clothing.aurora_patch,1.59
2026-10-02,ISL,USD,com.pustotin.zerobalance.clothing.aurora_patch,1.59
2026-10-02,ISR,ILS,com.pustotin.zerobalance.clothing.aurora_patch,6.0
2026-10-02,ITA,EUR,com.pustotin.zerobalance.clothing.aurora_patch,1.59
2026-10-02,JAM,USD,com.pustotin.zerobalance.clothing.aurora_patch,1.59
2026-10-02,JOR,USD,com.pustotin.zerobalance.clothing.aurora_patch,1.59
2026-10-02,JPN,JPY,com.pustotin.zerobalance.clothing.aurora_patch,210
2026-10-02,KAZ,KZT,com.pustotin.zerobalance.clothing.aurora_patch,149.0
2026-10-02,KEN,USD,com.pustotin.zerobalance.clothing.aurora_patch,1.59
2026-10-02,KGZ,USD,com.pustotin.zerobalance.clothing.aurora_patch,1.59
2026-10-02,KHM,USD,com.pustotin.zerobalance.clothing.aurora_patch,1.59
2026-10-02,KNA,USD,com.pustotin.zerobalance.clothing.aurora_patch,1.59
2026-10-02,KOR,KRW,com.pustotin.zerobalance.clothing.aurora_patch,1300
2026-10-02,KWT,USD,com.pustotin.zerobalance.clothing.aurora_patch,1.59
2026-10-02,LAO,USD,com.pustotin.zerobalance.clothing.aurora_patch,1.59
2026-10-02,LBN,USD,com.pustotin.zerobalance.clothing.aurora_patch,1.59
2026-10-02,LBR,USD,com.pustotin.zerobalance.clothing.aurora_patch,1.59
2026-10-02,LBY,USD,com.pustotin.zerobalance.clothing.aurora_patch,1.59
2026-10-02,LCA,USD,com.pustotin.zerobalance.clothing.aurora_patch,1.59
2026-10-02,LKA,USD,com.pustotin.zerobalance.clothing.aurora_patch,1.59
2026-10-02,LTU,EUR,com.pustotin.zerobalance.clothing.aurora_patch,1.59
2026-10-02,LUX,EUR,com.pustotin.zerobalance.clothing.aurora_patch,1.59
2026-10-02,LVA,EUR,com.pustotin.zerobalance.clothing.aurora_patch,1.59
2026-10-02,MAC,USD,com.pustotin.zerobalance.clothing.aurora_patch,1.59
2026-10-02,MAR,USD,com.pustotin.zerobalance.clothing.aurora_patch,1.59
2026-10-02,MDA,USD,com.pustotin.zerobalance.clothing.aurora_patch,1.59
2026-10-02,MDG,USD,com.pustotin.zerobalance.clothing.aurora_patch,1.59
2026-10-02,MDV,USD,com.pustotin.zerobalance.clothing.aurora_patch,1.59
2026-10-02,MEX,MXN,com.pustotin.zerobalance.clothing.aurora_patch,21.0
2026-10-02,MKD,USD,com.pustotin.zerobalance.clothing.aurora_patch,1.59
2026-10-02,MLI,USD,com.pustotin.zerobalance.clothing.aurora_patch,1.59
2026-10-02,MLT,EUR,com.pustotin.zerobalance.clothing.aurora_patch,1.59
2026-10-02,MMR,USD,com.pustotin.zerobalance.clothing.aurora_patch,1.59
2026-10-02,MNE,EUR,com.pustotin.zerobalance.clothing.aurora_patch,1.59
2026-10-02,MNG,USD,com.pustotin.zerobalance.clothing.aurora_patch,1.59
2026-10-02,MOZ,USD,com.pustotin.zerobalance.clothing.aurora_patch,1.59
2026-10-02,MRT,USD,com.pustotin.zerobalance.clothing.aurora_patch,1.59
2026-10-02,MSR,USD,com.pustotin.zerobalance.clothing.aurora_patch,1.59
2026-10-02,MUS,USD,com.pustotin.zerobalance.clothing.aurora_patch,1.59
2026-10-02,MWI,USD,com.pustotin.zerobalance.clothing.aurora_patch,1.59
2026-10-02,MYS,MYR,com.pustotin.zerobalance.clothing.aurora_patch,4.9
2026-10-02,NAM,USD,com.pustotin.zerobalance.clothing.aurora_patch,1.59
2026-10-02,NER,USD,com.pustotin.zerobalance.clothing.aurora_patch,1.59
2026-10-02,NGA,NGN,com.pustotin.zerobalance.clothing.aurora_patch,250.0
2026-10-02,NIC,USD,com.pustotin.zerobalance.clothing.aurora_patch,1.59
2026-10-02,NLD,EUR,com.pustotin.zerobalance.clothing.aurora_patch,1.59
2026-10-02,NOR,NOK,com.pustotin.zerobalance.clothing.aurora_patch,19.0
2026-10-02,NPL,USD,com.pustotin.zerobalance.clothing.aurora_patch,1.59
2026-10-02,NRU,USD,com.pustotin.zerobalance.clothing.aurora_patch,1.59
2026-10-02,NZL,NZD,com.pustotin.zerobalance.clothing.aurora_patch,1.69
2026-10-02,OMN,USD,com.pustotin.zerobalance.clothing.aurora_patch,1.59
2026-10-02,PAK,PKR,com.pustotin.zerobalance.clothing.aurora_patch,110.0
2026-10-02,PAN,USD,com.pustotin.zerobalance.clothing.aurora_patch,1.59
2026-10-02,PER,PEN,com.pustotin.zerobalance.clothing.aurora_patch,4.9
2026-10-02,PHL,PHP,com.pustotin.zerobalance.clothing.aurora_patch,60.0
2026-10-02,PLW,USD,com.pustotin.zerobalance.clothing.aurora_patch,1.59
2026-10-02,PNG,USD,com.pustotin.zerobalance.clothing.aurora_patch,1.59
2026-10-02,POL,PLN,com.pustotin.zerobalance.clothing.aurora_patch,6.0
2026-10-02,PRT,EUR,com.pustotin.zerobalance.clothing.aurora_patch,1.59
2026-10-02,PRY,USD,com.pustotin.zerobalance.clothing.aurora_patch,1.59
2026-10-02,QAT,QAR,com.pustotin.zerobalance.clothing.aurora_patch,5.49
2026-10-02,ROU,RON,com.pustotin.zerobalance.clothing.aurora_patch,6.0
2026-10-02,RUS,RUB,com.pustotin.zerobalance.clothing.aurora_patch,69.0
2026-10-02,RWA,USD,com.pustotin.zerobalance.clothing.aurora_patch,1.59
2026-10-02,SAU,SAR,com.pustotin.zerobalance.clothing.aurora_patch,5.49
2026-10-02,SEN,USD,com.pustotin.zerobalance.clothing.aurora_patch,1.59
2026-10-02,SGP,SGD,com.pustotin.zerobalance.clothing.aurora_patch,1.68
2026-10-02,SLB,USD,com.pustotin.zerobalance.clothing.aurora_patch,1.59
2026-10-02,SLE,USD,com.pustotin.zerobalance.clothing.aurora_patch,1.59
2026-10-02,SLV,USD,com.pustotin.zerobalance.clothing.aurora_patch,1.59
2026-10-02,SRB,EUR,com.pustotin.zerobalance.clothing.aurora_patch,1.59
2026-10-02,STP,USD,com.pustotin.zerobalance.clothing.aurora_patch,1.59
2026-10-02,SUR,USD,com.pustotin.zerobalance.clothing.aurora_patch,1.59
2026-10-02,SVK,EUR,com.pustotin.zerobalance.clothing.aurora_patch,1.59
2026-10-02,SVN,EUR,com.pustotin.zerobalance.clothing.aurora_patch,1.59
2026-10-02,SWE,SEK,com.pustotin.zerobalance.clothing.aurora_patch,19.0
2026-10-02,SWZ,USD,com.pustotin.zerobalance.clothing.aurora_patch,1.59
2026-10-02,SYC,USD,com.pustotin.zerobalance.clothing.aurora_patch,1.59
2026-10-02,TCA,USD,com.pustotin.zerobalance.clothing.aurora_patch,1.59
2026-10-02,TCD,USD,com.pustotin.zerobalance.clothing.aurora_patch,1.59
2026-10-02,THA,THB,com.pustotin.zerobalance.clothing.aurora_patch,60.0
2026-10-02,TJK,USD,com.pustotin.zerobalance.clothing.aurora_patch,1.59
2026-10-02,TKM,USD,com.pustotin.zerobalance.clothing.aurora_patch,1.59
2026-10-02,TON,USD,com.pustotin.zerobalance.clothing.aurora_patch,1.59
2026-10-02,TTO,USD,com.pustotin.zerobalance.clothing.aurora_patch,1.59
2026-10-02,TUN,USD,com.pustotin.zerobalance.clothing.aurora_patch,1.59
2026-10-02,TUR,TRY,com.pustotin.zerobalance.clothing.aurora_patch,13.99
2026-10-02,TWN,TWD,com.pustotin.zerobalance.clothing.aurora_patch,60
2026-10-02,TZA,TZS,com.pustotin.zerobalance.clothing.aurora_patch,2100.0
2026-10-02,UGA,USD,com.pustotin.zerobalance.clothing.aurora_patch,1.59
2026-10-02,UKR,USD,com.pustotin.zerobalance.clothing.aurora_patch,1.59
2026-10-02,URY,USD,com.pustotin.zerobalance.clothing.aurora_patch,1.59
2026-10-02,USA,USD,com.pustotin.zerobalance.clothing.aurora_patch,1.59
2026-10-02,UZB,USD,com.pustotin.zerobalance.clothing.aurora_patch,1.59
2026-10-02,VCT,USD,com.pustotin.zerobalance.clothing.aurora_patch,1.59
2026-10-02,VEN,USD,com.pustotin.zerobalance.clothing.aurora_patch,1.59
2026-10-02,VGB,USD,com.pustotin.zerobalance.clothing.aurora_patch,1.59
2026-10-02,VNM,VND,com.pustotin.zerobalance.clothing.aurora_patch,21000
2026-10-02,VUT,USD,com.pustotin.zerobalance.clothing.aurora_patch,1.59
2026-10-02,XKS,EUR,com.pustotin.zerobalance.clothing.aurora_patch,1.59
2026-10-02,YEM,USD,com.pustotin.zerobalance.clothing.aurora_patch,1.59
2026-10-02,ZAF,ZAR,com.pustotin.zerobalance.clothing.aurora_patch,15.99
2026-10-02,ZMB,USD,com.pustotin.zerobalance.clothing.aurora_patch,1.59
2026-10-02,ZWE,USD,com.pustotin.zerobalance.clothing.aurora_patch,1.59
2026-10-02,AFG,USD,com.pustotin.zerobalance.clothing.cloud_scarf_2,1.69
2026-10-02,AGO,USD,com.pustotin.zerobalance.clothing.cloud_scarf_2,1.69
2026-10-02,AIA,USD,com.pustotin.zerobalance.clothing.cloud_scarf_2,1.69
2026-10-02,ALB,USD,com.pustotin.zerobalance.clothing.cloud_scarf_2,1.69
2026-10-02,ARE,AED,com.pustotin.zerobalance.clothing.cloud_scarf_2,5.99
2026-10-02,ARG,USD,com.pustotin.zerobalance.clothing.cloud_scarf_2,1.69
2026-10-02,ARM,USD,com.pustotin.zerobalance.clothing.cloud_scarf_2,1.69
2026-10-02,ATG,USD,com.pustotin.zerobalance.clothing.cloud_scarf_2,1.69
2026-10-02,AUS,AUD,com.pustotin.zerobalance.clothing.cloud_scarf_2,1.79
2026-10-02,AUT,EUR,com.pustotin.zerobalance.clothing.cloud_scarf_2,1.69
2026-10-02,AZE,USD,com.pustotin.zerobalance.clothing.cloud_scarf_2,1.69
2026-10-02,BEL,EUR,com.pustotin.zerobalance.clothing.cloud_scarf_2,1.69
2026-10-02,BEN,USD,com.pustotin.zerobalance.clothing.cloud_scarf_2,1.69
2026-10-02,BFA,USD,com.pustotin.zerobalance.clothing.cloud_scarf_2,1.69
2026-10-02,BGR,EUR,com.pustotin.zerobalance.clothing.cloud_scarf_2,1.69
2026-10-02,BHR,USD,com.pustotin.zerobalance.clothing.cloud_scarf_2,1.69
2026-10-02,BHS,USD,com.pustotin.zerobalance.clothing.cloud_scarf_2,1.69
2026-10-02,BIH,EUR,com.pustotin.zerobalance.clothing.cloud_scarf_2,1.69
2026-10-02,BLR,USD,com.pustotin.zerobalance.clothing.cloud_scarf_2,1.69
2026-10-02,BLZ,USD,com.pustotin.zerobalance.clothing.cloud_scarf_2,1.69
2026-10-02,BMU,USD,com.pustotin.zerobalance.clothing.cloud_scarf_2,1.69
2026-10-02,BOL,USD,com.pustotin.zerobalance.clothing.cloud_scarf_2,1.69
2026-10-02,BRA,BRL,com.pustotin.zerobalance.clothing.cloud_scarf_2,4.99
2026-10-02,BRB,USD,com.pustotin.zerobalance.clothing.cloud_scarf_2,1.69
2026-10-02,BRN,USD,com.pustotin.zerobalance.clothing.cloud_scarf_2,1.69
2026-10-02,BTN,USD,com.pustotin.zerobalance.clothing.cloud_scarf_2,1.69
2026-10-02,BWA,USD,com.pustotin.zerobalance.clothing.cloud_scarf_2,1.69
2026-10-02,CAN,CAD,com.pustotin.zerobalance.clothing.cloud_scarf_2,1.69
2026-10-02,CHE,CHF,com.pustotin.zerobalance.clothing.cloud_scarf_2,1.9
2026-10-02,CHL,CLP,com.pustotin.zerobalance.clothing.cloud_scarf_2,1000
2026-10-02,CHN,CNY,com.pustotin.zerobalance.clothing.cloud_scarf_2,6.8
2026-10-02,CIV,USD,com.pustotin.zerobalance.clothing.cloud_scarf_2,1.69
2026-10-02,CMR,USD,com.pustotin.zerobalance.clothing.cloud_scarf_2,1.69
2026-10-02,COD,USD,com.pustotin.zerobalance.clothing.cloud_scarf_2,1.69
2026-10-02,COG,USD,com.pustotin.zerobalance.clothing.cloud_scarf_2,1.69
2026-10-02,COL,COP,com.pustotin.zerobalance.clothing.cloud_scarf_2,6500.0
2026-10-02,CPV,USD,com.pustotin.zerobalance.clothing.cloud_scarf_2,1.69
2026-10-02,CRI,USD,com.pustotin.zerobalance.clothing.cloud_scarf_2,1.69
2026-10-02,CYM,USD,com.pustotin.zerobalance.clothing.cloud_scarf_2,1.69
2026-10-02,CYP,EUR,com.pustotin.zerobalance.clothing.cloud_scarf_2,1.69
2026-10-02,CZE,CZK,com.pustotin.zerobalance.clothing.cloud_scarf_2,23.0
2026-10-02,DEU,EUR,com.pustotin.zerobalance.clothing.cloud_scarf_2,1.69
2026-10-02,DMA,USD,com.pustotin.zerobalance.clothing.cloud_scarf_2,1.69
2026-10-02,DNK,DKK,com.pustotin.zerobalance.clothing.cloud_scarf_2,20.0
2026-10-02,DOM,USD,com.pustotin.zerobalance.clothing.cloud_scarf_2,1.69
2026-10-02,DZA,USD,com.pustotin.zerobalance.clothing.cloud_scarf_2,1.69
2026-10-02,ECU,USD,com.pustotin.zerobalance.clothing.cloud_scarf_2,1.69
2026-10-02,EGY,EGP,com.pustotin.zerobalance.clothing.cloud_scarf_2,14.9
2026-10-02,ESP,EUR,com.pustotin.zerobalance.clothing.cloud_scarf_2,1.69
2026-10-02,EST,EUR,com.pustotin.zerobalance.clothing.cloud_scarf_2,1.69
2026-10-02,FIN,EUR,com.pustotin.zerobalance.clothing.cloud_scarf_2,1.69
2026-10-02,FJI,USD,com.pustotin.zerobalance.clothing.cloud_scarf_2,1.69
2026-10-02,FRA,EUR,com.pustotin.zerobalance.clothing.cloud_scarf_2,1.69
2026-10-02,FSM,USD,com.pustotin.zerobalance.clothing.cloud_scarf_2,1.69
2026-10-02,GAB,USD,com.pustotin.zerobalance.clothing.cloud_scarf_2,1.69
2026-10-02,GBR,GBP,com.pustotin.zerobalance.clothing.cloud_scarf_2,1.69
2026-10-02,GEO,USD,com.pustotin.zerobalance.clothing.cloud_scarf_2,1.69
2026-10-02,GHA,USD,com.pustotin.zerobalance.clothing.cloud_scarf_2,1.69
2026-10-02,GMB,USD,com.pustotin.zerobalance.clothing.cloud_scarf_2,1.69
2026-10-02,GNB,USD,com.pustotin.zerobalance.clothing.cloud_scarf_2,1.69
2026-10-02,GRC,EUR,com.pustotin.zerobalance.clothing.cloud_scarf_2,1.69
2026-10-02,GRD,USD,com.pustotin.zerobalance.clothing.cloud_scarf_2,1.69
2026-10-02,GTM,USD,com.pustotin.zerobalance.clothing.cloud_scarf_2,1.69
2026-10-02,GUY,USD,com.pustotin.zerobalance.clothing.cloud_scarf_2,1.69
2026-10-02,HKG,HKD,com.pustotin.zerobalance.clothing.cloud_scarf_2,19.0
2026-10-02,HND,USD,com.pustotin.zerobalance.clothing.cloud_scarf_2,1.69
2026-10-02,HRV,EUR,com.pustotin.zerobalance.clothing.cloud_scarf_2,1.69
2026-10-02,HUN,HUF,com.pustotin.zerobalance.clothing.cloud_scarf_2,649
2026-10-02,IDN,IDR,com.pustotin.zerobalance.clothing.cloud_scarf_2,11000
2026-10-02,IND,INR,com.pustotin.zerobalance.clothing.cloud_scarf_2,65.0
2026-10-02,IRL,EUR,com.pustotin.zerobalance.clothing.cloud_scarf_2,1.69
2026-10-02,IRQ,USD,com.pustotin.zerobalance.clothing.cloud_scarf_2,1.69
2026-10-02,ISL,USD,com.pustotin.zerobalance.clothing.cloud_scarf_2,1.69
2026-10-02,ISR,ILS,com.pustotin.zerobalance.clothing.cloud_scarf_2,6.5
2026-10-02,ITA,EUR,com.pustotin.zerobalance.clothing.cloud_scarf_2,1.69
2026-10-02,JAM,USD,com.pustotin.zerobalance.clothing.cloud_scarf_2,1.69
2026-10-02,JOR,USD,com.pustotin.zerobalance.clothing.cloud_scarf_2,1.69
2026-10-02,JPN,JPY,com.pustotin.zerobalance.clothing.cloud_scarf_2,220
2026-10-02,KAZ,KZT,com.pustotin.zerobalance.clothing.cloud_scarf_2,150.0
2026-10-02,KEN,USD,com.pustotin.zerobalance.clothing.cloud_scarf_2,1.69
2026-10-02,KGZ,USD,com.pustotin.zerobalance.clothing.cloud_scarf_2,1.69
2026-10-02,KHM,USD,com.pustotin.zerobalance.clothing.cloud_scarf_2,1.69
2026-10-02,KNA,USD,com.pustotin.zerobalance.clothing.cloud_scarf_2,1.69
2026-10-02,KOR,KRW,com.pustotin.zerobalance.clothing.cloud_scarf_2,1400
2026-10-02,KWT,USD,com.pustotin.zerobalance.clothing.cloud_scarf_2,1.69
2026-10-02,LAO,USD,com.pustotin.zerobalance.clothing.cloud_scarf_2,1.69
2026-10-02,LBN,USD,com.pustotin.zerobalance.clothing.cloud_scarf_2,1.69
2026-10-02,LBR,USD,com.pustotin.zerobalance.clothing.cloud_scarf_2,1.69
2026-10-02,LBY,USD,com.pustotin.zerobalance.clothing.cloud_scarf_2,1.69
2026-10-02,LCA,USD,com.pustotin.zerobalance.clothing.cloud_scarf_2,1.69
2026-10-02,LKA,USD,com.pustotin.zerobalance.clothing.cloud_scarf_2,1.69
2026-10-02,LTU,EUR,com.pustotin.zerobalance.clothing.cloud_scarf_2,1.69
2026-10-02,LUX,EUR,com.pustotin.zerobalance.clothing.cloud_scarf_2,1.69
2026-10-02,LVA,EUR,com.pustotin.zerobalance.clothing.cloud_scarf_2,1.69
2026-10-02,MAC,USD,com.pustotin.zerobalance.clothing.cloud_scarf_2,1.69
2026-10-02,MAR,USD,com.pustotin.zerobalance.clothing.cloud_scarf_2,1.69
2026-10-02,MDA,USD,com.pustotin.zerobalance.clothing.cloud_scarf_2,1.69
2026-10-02,MDG,USD,com.pustotin.zerobalance.clothing.cloud_scarf_2,1.69
2026-10-02,MDV,USD,com.pustotin.zerobalance.clothing.cloud_scarf_2,1.69
2026-10-02,MEX,MXN,com.pustotin.zerobalance.clothing.cloud_scarf_2,22.0
2026-10-02,MKD,USD,com.pustotin.zerobalance.clothing.cloud_scarf_2,1.69
2026-10-02,MLI,USD,com.pustotin.zerobalance.clothing.cloud_scarf_2,1.69
2026-10-02,MLT,EUR,com.pustotin.zerobalance.clothing.cloud_scarf_2,1.69
2026-10-02,MMR,USD,com.pustotin.zerobalance.clothing.cloud_scarf_2,1.69
2026-10-02,MNE,EUR,com.pustotin.zerobalance.clothing.cloud_scarf_2,1.69
2026-10-02,MNG,USD,com.pustotin.zerobalance.clothing.cloud_scarf_2,1.69
2026-10-02,MOZ,USD,com.pustotin.zerobalance.clothing.cloud_scarf_2,1.69
2026-10-02,MRT,USD,com.pustotin.zerobalance.clothing.cloud_scarf_2,1.69
2026-10-02,MSR,USD,com.pustotin.zerobalance.clothing.cloud_scarf_2,1.69
2026-10-02,MUS,USD,com.pustotin.zerobalance.clothing.cloud_scarf_2,1.69
2026-10-02,MWI,USD,com.pustotin.zerobalance.clothing.cloud_scarf_2,1.69
2026-10-02,MYS,MYR,com.pustotin.zerobalance.clothing.cloud_scarf_2,4.99
2026-10-02,NAM,USD,com.pustotin.zerobalance.clothing.cloud_scarf_2,1.69
2026-10-02,NER,USD,com.pustotin.zerobalance.clothing.cloud_scarf_2,1.69
2026-10-02,NGA,NGN,com.pustotin.zerobalance.clothing.cloud_scarf_2,260.0
2026-10-02,NIC,USD,com.pustotin.zerobalance.clothing.cloud_scarf_2,1.69
2026-10-02,NLD,EUR,com.pustotin.zerobalance.clothing.cloud_scarf_2,1.69
2026-10-02,NOR,NOK,com.pustotin.zerobalance.clothing.cloud_scarf_2,20.0
2026-10-02,NPL,USD,com.pustotin.zerobalance.clothing.cloud_scarf_2,1.69
2026-10-02,NRU,USD,com.pustotin.zerobalance.clothing.cloud_scarf_2,1.69
2026-10-02,NZL,NZD,com.pustotin.zerobalance.clothing.cloud_scarf_2,1.79
2026-10-02,OMN,USD,com.pustotin.zerobalance.clothing.cloud_scarf_2,1.69
2026-10-02,PAK,PKR,com.pustotin.zerobalance.clothing.cloud_scarf_2,119.0
2026-10-02,PAN,USD,com.pustotin.zerobalance.clothing.cloud_scarf_2,1.69
2026-10-02,PER,PEN,com.pustotin.zerobalance.clothing.cloud_scarf_2,4.99
2026-10-02,PHL,PHP,com.pustotin.zerobalance.clothing.cloud_scarf_2,65.0
2026-10-02,PLW,USD,com.pustotin.zerobalance.clothing.cloud_scarf_2,1.69
2026-10-02,PNG,USD,com.pustotin.zerobalance.clothing.cloud_scarf_2,1.69
2026-10-02,POL,PLN,com.pustotin.zerobalance.clothing.cloud_scarf_2,6.49
2026-10-02,PRT,EUR,com.pustotin.zerobalance.clothing.cloud_scarf_2,1.69
2026-10-02,PRY,USD,com.pustotin.zerobalance.clothing.cloud_scarf_2,1.69
2026-10-02,QAT,QAR,com.pustotin.zerobalance.clothing.cloud_scarf_2,5.99
2026-10-02,ROU,RON,com.pustotin.zerobalance.clothing.cloud_scarf_2,6.49
2026-10-02,RUS,RUB,com.pustotin.zerobalance.clothing.cloud_scarf_2,70.0
2026-10-02,RWA,USD,com.pustotin.zerobalance.clothing.cloud_scarf_2,1.69
2026-10-02,SAU,SAR,com.pustotin.zerobalance.clothing.cloud_scarf_2,5.99
2026-10-02,SEN,USD,com.pustotin.zerobalance.clothing.cloud_scarf_2,1.69
2026-10-02,SGP,SGD,com.pustotin.zerobalance.clothing.cloud_scarf_2,1.78
2026-10-02,SLB,USD,com.pustotin.zerobalance.clothing.cloud_scarf_2,1.69
2026-10-02,SLE,USD,com.pustotin.zerobalance.clothing.cloud_scarf_2,1.69
2026-10-02,SLV,USD,com.pustotin.zerobalance.clothing.cloud_scarf_2,1.69
2026-10-02,SRB,EUR,com.pustotin.zerobalance.clothing.cloud_scarf_2,1.69
2026-10-02,STP,USD,com.pustotin.zerobalance.clothing.cloud_scarf_2,1.69
2026-10-02,SUR,USD,com.pustotin.zerobalance.clothing.cloud_scarf_2,1.69
2026-10-02,SVK,EUR,com.pustotin.zerobalance.clothing.cloud_scarf_2,1.69
2026-10-02,SVN,EUR,com.pustotin.zerobalance.clothing.cloud_scarf_2,1.69
2026-10-02,SWE,SEK,com.pustotin.zerobalance.clothing.cloud_scarf_2,20.0
2026-10-02,SWZ,USD,com.pustotin.zerobalance.clothing.cloud_scarf_2,1.69
2026-10-02,SYC,USD,com.pustotin.zerobalance.clothing.cloud_scarf_2,1.69
2026-10-02,TCA,USD,com.pustotin.zerobalance.clothing.cloud_scarf_2,1.69
2026-10-02,TCD,USD,com.pustotin.zerobalance.clothing.cloud_scarf_2,1.69
2026-10-02,THA,THB,com.pustotin.zerobalance.clothing.cloud_scarf_2,65.0
2026-10-02,TJK,USD,com.pustotin.zerobalance.clothing.cloud_scarf_2,1.69
2026-10-02,TKM,USD,com.pustotin.zerobalance.clothing.cloud_scarf_2,1.69
2026-10-02,TON,USD,com.pustotin.zerobalance.clothing.cloud_scarf_2,1.69
2026-10-02,TTO,USD,com.pustotin.zerobalance.clothing.cloud_scarf_2,1.69
2026-10-02,TUN,USD,com.pustotin.zerobalance.clothing.cloud_scarf_2,1.69
2026-10-02,TUR,TRY,com.pustotin.zerobalance.clothing.cloud_scarf_2,14.9
2026-10-02,TWN,TWD,com.pustotin.zerobalance.clothing.cloud_scarf_2,65
2026-10-02,TZA,TZS,com.pustotin.zerobalance.clothing.cloud_scarf_2,2200.0
2026-10-02,UGA,USD,com.pustotin.zerobalance.clothing.cloud_scarf_2,1.69
2026-10-02,UKR,USD,com.pustotin.zerobalance.clothing.cloud_scarf_2,1.69
2026-10-02,URY,USD,com.pustotin.zerobalance.clothing.cloud_scarf_2,1.69
2026-10-02,USA,USD,com.pustotin.zerobalance.clothing.cloud_scarf_2,1.69
2026-10-02,UZB,USD,com.pustotin.zerobalance.clothing.cloud_scarf_2,1.69
2026-10-02,VCT,USD,com.pustotin.zerobalance.clothing.cloud_scarf_2,1.69
2026-10-02,VEN,USD,com.pustotin.zerobalance.clothing.cloud_scarf_2,1.69
2026-10-02,VGB,USD,com.pustotin.zerobalance.clothing.cloud_scarf_2,1.69
2026-10-02,VNM,VND,com.pustotin.zerobalance.clothing.cloud_scarf_2,22000
2026-10-02,VUT,USD,com.pustotin.zerobalance.clothing.cloud_scarf_2,1.69
2026-10-02,XKS,EUR,com.pustotin.zerobalance.clothing.cloud_scarf_2,1.69
2026-10-02,YEM,USD,com.pustotin.zerobalance.clothing.cloud_scarf_2,1.69
2026-10-02,ZAF,ZAR,com.pustotin.zerobalance.clothing.cloud_scarf_2,16.99
2026-10-02,ZMB,USD,com.pustotin.zerobalance.clothing.cloud_scarf_2,1.69
2026-10-02,ZWE,USD,com.pustotin.zerobalance.clothing.cloud_scarf_2,1.69
2026-10-02,AFG,USD,com.pustotin.zerobalance.toy.comet_ball_2,1.29
2026-10-02,AGO,USD,com.pustotin.zerobalance.toy.comet_ball_2,1.29
2026-10-02,AIA,USD,com.pustotin.zerobalance.toy.comet_ball_2,1.29
2026-10-02,ALB,USD,com.pustotin.zerobalance.toy.comet_ball_2,1.29
2026-10-02,ARE,AED,com.pustotin.zerobalance.toy.comet_ball_2,4.95
2026-10-02,ARG,USD,com.pustotin.zerobalance.toy.comet_ball_2,1.29
2026-10-02,ARM,USD,com.pustotin.zerobalance.toy.comet_ball_2,1.29
2026-10-02,ATG,USD,com.pustotin.zerobalance.toy.comet_ball_2,1.29
2026-10-02,AUS,AUD,com.pustotin.zerobalance.toy.comet_ball_2,1.39
2026-10-02,AUT,EUR,com.pustotin.zerobalance.toy.comet_ball_2,1.29
2026-10-02,AZE,USD,com.pustotin.zerobalance.toy.comet_ball_2,1.29
2026-10-02,BEL,EUR,com.pustotin.zerobalance.toy.comet_ball_2,1.29
2026-10-02,BEN,USD,com.pustotin.zerobalance.toy.comet_ball_2,1.29
2026-10-02,BFA,USD,com.pustotin.zerobalance.toy.comet_ball_2,1.29
2026-10-02,BGR,EUR,com.pustotin.zerobalance.toy.comet_ball_2,1.29
2026-10-02,BHR,USD,com.pustotin.zerobalance.toy.comet_ball_2,1.29
2026-10-02,BHS,USD,com.pustotin.zerobalance.toy.comet_ball_2,1.29
2026-10-02,BIH,EUR,com.pustotin.zerobalance.toy.comet_ball_2,1.29
2026-10-02,BLR,USD,com.pustotin.zerobalance.toy.comet_ball_2,1.29
2026-10-02,BLZ,USD,com.pustotin.zerobalance.toy.comet_ball_2,1.29
2026-10-02,BMU,USD,com.pustotin.zerobalance.toy.comet_ball_2,1.29
2026-10-02,BOL,USD,com.pustotin.zerobalance.toy.comet_ball_2,1.29
2026-10-02,BRA,BRL,com.pustotin.zerobalance.toy.comet_ball_2,3.99
2026-10-02,BRB,USD,com.pustotin.zerobalance.toy.comet_ball_2,1.29
2026-10-02,BRN,USD,com.pustotin.zerobalance.toy.comet_ball_2,1.29
2026-10-02,BTN,USD,com.pustotin.zerobalance.toy.comet_ball_2,1.29
2026-10-02,BWA,USD,com.pustotin.zerobalance.toy.comet_ball_2,1.29
2026-10-02,CAN,CAD,com.pustotin.zerobalance.toy.comet_ball_2,1.29
2026-10-02,CHE,CHF,com.pustotin.zerobalance.toy.comet_ball_2,1.5
2026-10-02,CHL,CLP,com.pustotin.zerobalance.toy.comet_ball_2,800
2026-10-02,CHN,CNY,com.pustotin.zerobalance.toy.comet_ball_2,5.5
2026-10-02,CIV,USD,com.pustotin.zerobalance.toy.comet_ball_2,1.29
2026-10-02,CMR,USD,com.pustotin.zerobalance.toy.comet_ball_2,1.29
2026-10-02,COD,USD,com.pustotin.zerobalance.toy.comet_ball_2,1.29
2026-10-02,COG,USD,com.pustotin.zerobalance.toy.comet_ball_2,1.29
2026-10-02,COL,COP,com.pustotin.zerobalance.toy.comet_ball_2,5000.0
2026-10-02,CPV,USD,com.pustotin.zerobalance.toy.comet_ball_2,1.29
2026-10-02,CRI,USD,com.pustotin.zerobalance.toy.comet_ball_2,1.29
2026-10-02,CYM,USD,com.pustotin.zerobalance.toy.comet_ball_2,1.29
2026-10-02,CYP,EUR,com.pustotin.zerobalance.toy.comet_ball_2,1.29
2026-10-02,CZE,CZK,com.pustotin.zerobalance.toy.comet_ball_2,19.99
2026-10-02,DEU,EUR,com.pustotin.zerobalance.toy.comet_ball_2,1.29
2026-10-02,DMA,USD,com.pustotin.zerobalance.toy.comet_ball_2,1.29
2026-10-02,DNK,DKK,com.pustotin.zerobalance.toy.comet_ball_2,16.0
2026-10-02,DOM,USD,com.pustotin.zerobalance.toy.comet_ball_2,1.29
2026-10-02,DZA,USD,com.pustotin.zerobalance.toy.comet_ball_2,1.29
2026-10-02,ECU,USD,com.pustotin.zerobalance.toy.comet_ball_2,1.29
2026-10-02,EGY,EGP,com.pustotin.zerobalance.toy.comet_ball_2,10.99
2026-10-02,ESP,EUR,com.pustotin.zerobalance.toy.comet_ball_2,1.29
2026-10-02,EST,EUR,com.pustotin.zerobalance.toy.comet_ball_2,1.29
2026-10-02,FIN,EUR,com.pustotin.zerobalance.toy.comet_ball_2,1.29
2026-10-02,FJI,USD,com.pustotin.zerobalance.toy.comet_ball_2,1.29
2026-10-02,FRA,EUR,com.pustotin.zerobalance.toy.comet_ball_2,1.29
2026-10-02,FSM,USD,com.pustotin.zerobalance.toy.comet_ball_2,1.29
2026-10-02,GAB,USD,com.pustotin.zerobalance.toy.comet_ball_2,1.29
2026-10-02,GBR,GBP,com.pustotin.zerobalance.toy.comet_ball_2,1.29
2026-10-02,GEO,USD,com.pustotin.zerobalance.toy.comet_ball_2,1.29
2026-10-02,GHA,USD,com.pustotin.zerobalance.toy.comet_ball_2,1.29
2026-10-02,GMB,USD,com.pustotin.zerobalance.toy.comet_ball_2,1.29
2026-10-02,GNB,USD,com.pustotin.zerobalance.toy.comet_ball_2,1.29
2026-10-02,GRC,EUR,com.pustotin.zerobalance.toy.comet_ball_2,1.29
2026-10-02,GRD,USD,com.pustotin.zerobalance.toy.comet_ball_2,1.29
2026-10-02,GTM,USD,com.pustotin.zerobalance.toy.comet_ball_2,1.29
2026-10-02,GUY,USD,com.pustotin.zerobalance.toy.comet_ball_2,1.29
2026-10-02,HKG,HKD,com.pustotin.zerobalance.toy.comet_ball_2,15.0
2026-10-02,HND,USD,com.pustotin.zerobalance.toy.comet_ball_2,1.29
2026-10-02,HRV,EUR,com.pustotin.zerobalance.toy.comet_ball_2,1.29
2026-10-02,HUN,HUF,com.pustotin.zerobalance.toy.comet_ball_2,500
2026-10-02,IDN,IDR,com.pustotin.zerobalance.toy.comet_ball_2,9500
2026-10-02,IND,INR,com.pustotin.zerobalance.toy.comet_ball_2,50.0
2026-10-02,IRL,EUR,com.pustotin.zerobalance.toy.comet_ball_2,1.29
2026-10-02,IRQ,USD,com.pustotin.zerobalance.toy.comet_ball_2,1.29
2026-10-02,ISL,USD,com.pustotin.zerobalance.toy.comet_ball_2,1.29
2026-10-02,ISR,ILS,com.pustotin.zerobalance.toy.comet_ball_2,5.0
2026-10-02,ITA,EUR,com.pustotin.zerobalance.toy.comet_ball_2,1.29
2026-10-02,JAM,USD,com.pustotin.zerobalance.toy.comet_ball_2,1.29
2026-10-02,JOR,USD,com.pustotin.zerobalance.toy.comet_ball_2,1.29
2026-10-02,JPN,JPY,com.pustotin.zerobalance.toy.comet_ball_2,180
2026-10-02,KAZ,KZT,com.pustotin.zerobalance.toy.comet_ball_2,130.0
2026-10-02,KEN,USD,com.pustotin.zerobalance.toy.comet_ball_2,1.29
2026-10-02,KGZ,USD,com.pustotin.zerobalance.toy.comet_ball_2,1.29
2026-10-02,KHM,USD,com.pustotin.zerobalance.toy.comet_ball_2,1.29
2026-10-02,KNA,USD,com.pustotin.zerobalance.toy.comet_ball_2,1.29
2026-10-02,KOR,KRW,com.pustotin.zerobalance.toy.comet_ball_2,1100
2026-10-02,KWT,USD,com.pustotin.zerobalance.toy.comet_ball_2,1.29
2026-10-02,LAO,USD,com.pustotin.zerobalance.toy.comet_ball_2,1.29
2026-10-02,LBN,USD,com.pustotin.zerobalance.toy.comet_ball_2,1.29
2026-10-02,LBR,USD,com.pustotin.zerobalance.toy.comet_ball_2,1.29
2026-10-02,LBY,USD,com.pustotin.zerobalance.toy.comet_ball_2,1.29
2026-10-02,LCA,USD,com.pustotin.zerobalance.toy.comet_ball_2,1.29
2026-10-02,LKA,USD,com.pustotin.zerobalance.toy.comet_ball_2,1.29
2026-10-02,LTU,EUR,com.pustotin.zerobalance.toy.comet_ball_2,1.29
2026-10-02,LUX,EUR,com.pustotin.zerobalance.toy.comet_ball_2,1.29
2026-10-02,LVA,EUR,com.pustotin.zerobalance.toy.comet_ball_2,1.29
2026-10-02,MAC,USD,com.pustotin.zerobalance.toy.comet_ball_2,1.29
2026-10-02,MAR,USD,com.pustotin.zerobalance.toy.comet_ball_2,1.29
2026-10-02,MDA,USD,com.pustotin.zerobalance.toy.comet_ball_2,1.29
2026-10-02,MDG,USD,com.pustotin.zerobalance.toy.comet_ball_2,1.29
2026-10-02,MDV,USD,com.pustotin.zerobalance.toy.comet_ball_2,1.29
2026-10-02,MEX,MXN,com.pustotin.zerobalance.toy.comet_ball_2,18.0
2026-10-02,MKD,USD,com.pustotin.zerobalance.toy.comet_ball_2,1.29
2026-10-02,MLI,USD,com.pustotin.zerobalance.toy.comet_ball_2,1.29
2026-10-02,MLT,EUR,com.pustotin.zerobalance.toy.comet_ball_2,1.29
2026-10-02,MMR,USD,com.pustotin.zerobalance.toy.comet_ball_2,1.29
2026-10-02,MNE,EUR,com.pustotin.zerobalance.toy.comet_ball_2,1.29
2026-10-02,MNG,USD,com.pustotin.zerobalance.toy.comet_ball_2,1.29
2026-10-02,MOZ,USD,com.pustotin.zerobalance.toy.comet_ball_2,1.29
2026-10-02,MRT,USD,com.pustotin.zerobalance.toy.comet_ball_2,1.29
2026-10-02,MSR,USD,com.pustotin.zerobalance.toy.comet_ball_2,1.29
2026-10-02,MUS,USD,com.pustotin.zerobalance.toy.comet_ball_2,1.29
2026-10-02,MWI,USD,com.pustotin.zerobalance.toy.comet_ball_2,1.29
2026-10-02,MYS,MYR,com.pustotin.zerobalance.toy.comet_ball_2,3.99
2026-10-02,NAM,USD,com.pustotin.zerobalance.toy.comet_ball_2,1.29
2026-10-02,NER,USD,com.pustotin.zerobalance.toy.comet_ball_2,1.29
2026-10-02,NGA,NGN,com.pustotin.zerobalance.toy.comet_ball_2,220.0
2026-10-02,NIC,USD,com.pustotin.zerobalance.toy.comet_ball_2,1.29
2026-10-02,NLD,EUR,com.pustotin.zerobalance.toy.comet_ball_2,1.29
2026-10-02,NOR,NOK,com.pustotin.zerobalance.toy.comet_ball_2,16.0
2026-10-02,NPL,USD,com.pustotin.zerobalance.toy.comet_ball_2,1.29
2026-10-02,NRU,USD,com.pustotin.zerobalance.toy.comet_ball_2,1.29
2026-10-02,NZL,NZD,com.pustotin.zerobalance.toy.comet_ball_2,1.39
2026-10-02,OMN,USD,com.pustotin.zerobalance.toy.comet_ball_2,1.29
2026-10-02,PAK,PKR,com.pustotin.zerobalance.toy.comet_ball_2,99.0
2026-10-02,PAN,USD,com.pustotin.zerobalance.toy.comet_ball_2,1.29
2026-10-02,PER,PEN,com.pustotin.zerobalance.toy.comet_ball_2,3.99
2026-10-02,PHL,PHP,com.pustotin.zerobalance.toy.comet_ball_2,50.0
2026-10-02,PLW,USD,com.pustotin.zerobalance.toy.comet_ball_2,1.29
2026-10-02,PNG,USD,com.pustotin.zerobalance.toy.comet_ball_2,1.29
2026-10-02,POL,PLN,com.pustotin.zerobalance.toy.comet_ball_2,5.0
2026-10-02,PRT,EUR,com.pustotin.zerobalance.toy.comet_ball_2,1.29
2026-10-02,PRY,USD,com.pustotin.zerobalance.toy.comet_ball_2,1.29
2026-10-02,QAT,QAR,com.pustotin.zerobalance.toy.comet_ball_2,4.95
2026-10-02,ROU,RON,com.pustotin.zerobalance.toy.comet_ball_2,5.0
2026-10-02,RUS,RUB,com.pustotin.zerobalance.toy.comet_ball_2,59.0
2026-10-02,RWA,USD,com.pustotin.zerobalance.toy.comet_ball_2,1.29
2026-10-02,SAU,SAR,com.pustotin.zerobalance.toy.comet_ball_2,4.95
2026-10-02,SEN,USD,com.pustotin.zerobalance.toy.comet_ball_2,1.29
2026-10-02,SGP,SGD,com.pustotin.zerobalance.toy.comet_ball_2,1.38
2026-10-02,SLB,USD,com.pustotin.zerobalance.toy.comet_ball_2,1.29
2026-10-02,SLE,USD,com.pustotin.zerobalance.toy.comet_ball_2,1.29
2026-10-02,SLV,USD,com.pustotin.zerobalance.toy.comet_ball_2,1.29
2026-10-02,SRB,EUR,com.pustotin.zerobalance.toy.comet_ball_2,1.29
2026-10-02,STP,USD,com.pustotin.zerobalance.toy.comet_ball_2,1.29
2026-10-02,SUR,USD,com.pustotin.zerobalance.toy.comet_ball_2,1.29
2026-10-02,SVK,EUR,com.pustotin.zerobalance.toy.comet_ball_2,1.29
2026-10-02,SVN,EUR,com.pustotin.zerobalance.toy.comet_ball_2,1.29
2026-10-02,SWE,SEK,com.pustotin.zerobalance.toy.comet_ball_2,16.0
2026-10-02,SWZ,USD,com.pustotin.zerobalance.toy.comet_ball_2,1.29
2026-10-02,SYC,USD,com.pustotin.zerobalance.toy.comet_ball_2,1.29
2026-10-02,TCA,USD,com.pustotin.zerobalance.toy.comet_ball_2,1.29
2026-10-02,TCD,USD,com.pustotin.zerobalance.toy.comet_ball_2,1.29
2026-10-02,THA,THB,com.pustotin.zerobalance.toy.comet_ball_2,50.0
2026-10-02,TJK,USD,com.pustotin.zerobalance.toy.comet_ball_2,1.29
2026-10-02,TKM,USD,com.pustotin.zerobalance.toy.comet_ball_2,1.29
2026-10-02,TON,USD,com.pustotin.zerobalance.toy.comet_ball_2,1.29
2026-10-02,TTO,USD,com.pustotin.zerobalance.toy.comet_ball_2,1.29
2026-10-02,TUN,USD,com.pustotin.zerobalance.toy.comet_ball_2,1.29
2026-10-02,TUR,TRY,com.pustotin.zerobalance.toy.comet_ball_2,10.99
2026-10-02,TWN,TWD,com.pustotin.zerobalance.toy.comet_ball_2,50
2026-10-02,TZA,TZS,com.pustotin.zerobalance.toy.comet_ball_2,1800.0
2026-10-02,UGA,USD,com.pustotin.zerobalance.toy.comet_ball_2,1.29
2026-10-02,UKR,USD,com.pustotin.zerobalance.toy.comet_ball_2,1.29
2026-10-02,URY,USD,com.pustotin.zerobalance.toy.comet_ball_2,1.29
2026-10-02,USA,USD,com.pustotin.zerobalance.toy.comet_ball_2,1.29
2026-10-02,UZB,USD,com.pustotin.zerobalance.toy.comet_ball_2,1.29
2026-10-02,VCT,USD,com.pustotin.zerobalance.toy.comet_ball_2,1.29
2026-10-02,VEN,USD,com.pustotin.zerobalance.toy.comet_ball_2,1.29
2026-10-02,VGB,USD,com.pustotin.zerobalance.toy.comet_ball_2,1.29
2026-10-02,VNM,VND,com.pustotin.zerobalance.toy.comet_ball_2,18000
2026-10-02,VUT,USD,com.pustotin.zerobalance.toy.comet_ball_2,1.29
2026-10-02,XKS,EUR,com.pustotin.zerobalance.toy.comet_ball_2,1.29
2026-10-02,YEM,USD,com.pustotin.zerobalance.toy.comet_ball_2,1.29
2026-10-02,ZAF,ZAR,com.pustotin.zerobalance.toy.comet_ball_2,13.99
2026-10-02,ZMB,USD,com.pustotin.zerobalance.toy.comet_ball_2,1.29
2026-10-02,ZWE,USD,com.pustotin.zerobalance.toy.comet_ball_2,1.29
2026-10-02,AFG,USD,com.pustotin.zerobalance.food.comet_crunch,0.69
2026-10-02,AGO,USD,com.pustotin.zerobalance.food.comet_crunch,0.69
2026-10-02,AIA,USD,com.pustotin.zerobalance.food.comet_crunch,0.69
2026-10-02,ALB,USD,com.pustotin.zerobalance.food.comet_crunch,0.69
2026-10-02,ARE,AED,com.pustotin.zerobalance.food.comet_crunch,2.0
2026-10-02,ARG,USD,com.pustotin.zerobalance.food.comet_crunch,0.69
2026-10-02,ARM,USD,com.pustotin.zerobalance.food.comet_crunch,0.69
2026-10-02,ATG,USD,com.pustotin.zerobalance.food.comet_crunch,0.69
2026-10-02,AUS,AUD,com.pustotin.zerobalance.food.comet_crunch,0.79
2026-10-02,AUT,EUR,com.pustotin.zerobalance.food.comet_crunch,0.69
2026-10-02,AZE,USD,com.pustotin.zerobalance.food.comet_crunch,0.69
2026-10-02,BEL,EUR,com.pustotin.zerobalance.food.comet_crunch,0.69
2026-10-02,BEN,USD,com.pustotin.zerobalance.food.comet_crunch,0.69
2026-10-02,BFA,USD,com.pustotin.zerobalance.food.comet_crunch,0.69
2026-10-02,BGR,EUR,com.pustotin.zerobalance.food.comet_crunch,0.69
2026-10-02,BHR,USD,com.pustotin.zerobalance.food.comet_crunch,0.69
2026-10-02,BHS,USD,com.pustotin.zerobalance.food.comet_crunch,0.69
2026-10-02,BIH,EUR,com.pustotin.zerobalance.food.comet_crunch,0.69
2026-10-02,BLR,USD,com.pustotin.zerobalance.food.comet_crunch,0.69
2026-10-02,BLZ,USD,com.pustotin.zerobalance.food.comet_crunch,0.69
2026-10-02,BMU,USD,com.pustotin.zerobalance.food.comet_crunch,0.69
2026-10-02,BOL,USD,com.pustotin.zerobalance.food.comet_crunch,0.69
2026-10-02,BRA,BRL,com.pustotin.zerobalance.food.comet_crunch,1.9
2026-10-02,BRB,USD,com.pustotin.zerobalance.food.comet_crunch,0.69
2026-10-02,BRN,USD,com.pustotin.zerobalance.food.comet_crunch,0.69
2026-10-02,BTN,USD,com.pustotin.zerobalance.food.comet_crunch,0.69
2026-10-02,BWA,USD,com.pustotin.zerobalance.food.comet_crunch,0.69
2026-10-02,CAN,CAD,com.pustotin.zerobalance.food.comet_crunch,0.69
2026-10-02,CHE,CHF,com.pustotin.zerobalance.food.comet_crunch,0.7
2026-10-02,CHL,CLP,com.pustotin.zerobalance.food.comet_crunch,390
2026-10-02,CHN,CNY,com.pustotin.zerobalance.food.comet_crunch,2.5
2026-10-02,CIV,USD,com.pustotin.zerobalance.food.comet_crunch,0.69
2026-10-02,CMR,USD,com.pustotin.zerobalance.food.comet_crunch,0.69
2026-10-02,COD,USD,com.pustotin.zerobalance.food.comet_crunch,0.69
2026-10-02,COG,USD,com.pustotin.zerobalance.food.comet_crunch,0.69
2026-10-02,COL,COP,com.pustotin.zerobalance.food.comet_crunch,2000.0
2026-10-02,CPV,USD,com.pustotin.zerobalance.food.comet_crunch,0.69
2026-10-02,CRI,USD,com.pustotin.zerobalance.food.comet_crunch,0.69
2026-10-02,CYM,USD,com.pustotin.zerobalance.food.comet_crunch,0.69
2026-10-02,CYP,EUR,com.pustotin.zerobalance.food.comet_crunch,0.69
2026-10-02,CZE,CZK,com.pustotin.zerobalance.food.comet_crunch,12.0
2026-10-02,DEU,EUR,com.pustotin.zerobalance.food.comet_crunch,0.69
2026-10-02,DMA,USD,com.pustotin.zerobalance.food.comet_crunch,0.69
2026-10-02,DNK,DKK,com.pustotin.zerobalance.food.comet_crunch,7.0
2026-10-02,DOM,USD,com.pustotin.zerobalance.food.comet_crunch,0.69
2026-10-02,DZA,USD,com.pustotin.zerobalance.food.comet_crunch,0.69
2026-10-02,ECU,USD,com.pustotin.zerobalance.food.comet_crunch,0.69
2026-10-02,EGY,EGP,com.pustotin.zerobalance.food.comet_crunch,5.0
2026-10-02,ESP,EUR,com.pustotin.zerobalance.food.comet_crunch,0.69
2026-10-02,EST,EUR,com.pustotin.zerobalance.food.comet_crunch,0.69
2026-10-02,FIN,EUR,com.pustotin.zerobalance.food.comet_crunch,0.69
2026-10-02,FJI,USD,com.pustotin.zerobalance.food.comet_crunch,0.69
2026-10-02,FRA,EUR,com.pustotin.zerobalance.food.comet_crunch,0.69
2026-10-02,FSM,USD,com.pustotin.zerobalance.food.comet_crunch,0.69
2026-10-02,GAB,USD,com.pustotin.zerobalance.food.comet_crunch,0.69
2026-10-02,GBR,GBP,com.pustotin.zerobalance.food.comet_crunch,0.69
2026-10-02,GEO,USD,com.pustotin.zerobalance.food.comet_crunch,0.69
2026-10-02,GHA,USD,com.pustotin.zerobalance.food.comet_crunch,0.69
2026-10-02,GMB,USD,com.pustotin.zerobalance.food.comet_crunch,0.69
2026-10-02,GNB,USD,com.pustotin.zerobalance.food.comet_crunch,0.69
2026-10-02,GRC,EUR,com.pustotin.zerobalance.food.comet_crunch,0.69
2026-10-02,GRD,USD,com.pustotin.zerobalance.food.comet_crunch,0.69
2026-10-02,GTM,USD,com.pustotin.zerobalance.food.comet_crunch,0.69
2026-10-02,GUY,USD,com.pustotin.zerobalance.food.comet_crunch,0.69
2026-10-02,HKG,HKD,com.pustotin.zerobalance.food.comet_crunch,6.0
2026-10-02,HND,USD,com.pustotin.zerobalance.food.comet_crunch,0.69
2026-10-02,HRV,EUR,com.pustotin.zerobalance.food.comet_crunch,0.69
2026-10-02,HUN,HUF,com.pustotin.zerobalance.food.comet_crunch,200
2026-10-02,IDN,IDR,com.pustotin.zerobalance.food.comet_crunch,5000
2026-10-02,IND,INR,com.pustotin.zerobalance.food.comet_crunch,20.0
2026-10-02,IRL,EUR,com.pustotin.zerobalance.food.comet_crunch,0.69
2026-10-02,IRQ,USD,com.pustotin.zerobalance.food.comet_crunch,0.69
2026-10-02,ISL,USD,com.pustotin.zerobalance.food.comet_crunch,0.69
2026-10-02,ISR,ILS,com.pustotin.zerobalance.food.comet_crunch,2.0
2026-10-02,ITA,EUR,com.pustotin.zerobalance.food.comet_crunch,0.69
2026-10-02,JAM,USD,com.pustotin.zerobalance.food.comet_crunch,0.69
2026-10-02,JOR,USD,com.pustotin.zerobalance.food.comet_crunch,0.69
2026-10-02,JPN,JPY,com.pustotin.zerobalance.food.comet_crunch,90
2026-10-02,KAZ,KZT,com.pustotin.zerobalance.food.comet_crunch,89.0
2026-10-02,KEN,USD,com.pustotin.zerobalance.food.comet_crunch,0.69
2026-10-02,KGZ,USD,com.pustotin.zerobalance.food.comet_crunch,0.69
2026-10-02,KHM,USD,com.pustotin.zerobalance.food.comet_crunch,0.69
2026-10-02,KNA,USD,com.pustotin.zerobalance.food.comet_crunch,0.69
2026-10-02,KOR,KRW,com.pustotin.zerobalance.food.comet_crunch,600
2026-10-02,KWT,USD,com.pustotin.zerobalance.food.comet_crunch,0.69
2026-10-02,LAO,USD,com.pustotin.zerobalance.food.comet_crunch,0.69
2026-10-02,LBN,USD,com.pustotin.zerobalance.food.comet_crunch,0.69
2026-10-02,LBR,USD,com.pustotin.zerobalance.food.comet_crunch,0.69
2026-10-02,LBY,USD,com.pustotin.zerobalance.food.comet_crunch,0.69
2026-10-02,LCA,USD,com.pustotin.zerobalance.food.comet_crunch,0.69
2026-10-02,LKA,USD,com.pustotin.zerobalance.food.comet_crunch,0.69
2026-10-02,LTU,EUR,com.pustotin.zerobalance.food.comet_crunch,0.69
2026-10-02,LUX,EUR,com.pustotin.zerobalance.food.comet_crunch,0.69
2026-10-02,LVA,EUR,com.pustotin.zerobalance.food.comet_crunch,0.69
2026-10-02,MAC,USD,com.pustotin.zerobalance.food.comet_crunch,0.69
2026-10-02,MAR,USD,com.pustotin.zerobalance.food.comet_crunch,0.69
2026-10-02,MDA,USD,com.pustotin.zerobalance.food.comet_crunch,0.69
2026-10-02,MDG,USD,com.pustotin.zerobalance.food.comet_crunch,0.69
2026-10-02,MDV,USD,com.pustotin.zerobalance.food.comet_crunch,0.69
2026-10-02,MEX,MXN,com.pustotin.zerobalance.food.comet_crunch,9.0
2026-10-02,MKD,USD,com.pustotin.zerobalance.food.comet_crunch,0.69
2026-10-02,MLI,USD,com.pustotin.zerobalance.food.comet_crunch,0.69
2026-10-02,MLT,EUR,com.pustotin.zerobalance.food.comet_crunch,0.69
2026-10-02,MMR,USD,com.pustotin.zerobalance.food.comet_crunch,0.69
2026-10-02,MNE,EUR,com.pustotin.zerobalance.food.comet_crunch,0.69
2026-10-02,MNG,USD,com.pustotin.zerobalance.food.comet_crunch,0.69
2026-10-02,MOZ,USD,com.pustotin.zerobalance.food.comet_crunch,0.69
2026-10-02,MRT,USD,com.pustotin.zerobalance.food.comet_crunch,0.69
2026-10-02,MSR,USD,com.pustotin.zerobalance.food.comet_crunch,0.69
2026-10-02,MUS,USD,com.pustotin.zerobalance.food.comet_crunch,0.69
2026-10-02,MWI,USD,com.pustotin.zerobalance.food.comet_crunch,0.69
2026-10-02,MYS,MYR,com.pustotin.zerobalance.food.comet_crunch,1.9
2026-10-02,NAM,USD,com.pustotin.zerobalance.food.comet_crunch,0.69
2026-10-02,NER,USD,com.pustotin.zerobalance.food.comet_crunch,0.69
2026-10-02,NGA,NGN,com.pustotin.zerobalance.food.comet_crunch,140.0
2026-10-02,NIC,USD,com.pustotin.zerobalance.food.comet_crunch,0.69
2026-10-02,NLD,EUR,com.pustotin.zerobalance.food.comet_crunch,0.69
2026-10-02,NOR,NOK,com.pustotin.zerobalance.food.comet_crunch,7.0
2026-10-02,NPL,USD,com.pustotin.zerobalance.food.comet_crunch,0.69
2026-10-02,NRU,USD,com.pustotin.zerobalance.food.comet_crunch,0.69
2026-10-02,NZL,NZD,com.pustotin.zerobalance.food.comet_crunch,0.79
2026-10-02,OMN,USD,com.pustotin.zerobalance.food.comet_crunch,0.69
2026-10-02,PAK,PKR,com.pustotin.zerobalance.food.comet_crunch,50.0
2026-10-02,PAN,USD,com.pustotin.zerobalance.food.comet_crunch,0.69
2026-10-02,PER,PEN,com.pustotin.zerobalance.food.comet_crunch,1.9
2026-10-02,PHL,PHP,com.pustotin.zerobalance.food.comet_crunch,20.0
2026-10-02,PLW,USD,com.pustotin.zerobalance.food.comet_crunch,0.69
2026-10-02,PNG,USD,com.pustotin.zerobalance.food.comet_crunch,0.69
2026-10-02,POL,PLN,com.pustotin.zerobalance.food.comet_crunch,2.0
2026-10-02,PRT,EUR,com.pustotin.zerobalance.food.comet_crunch,0.69
2026-10-02,PRY,USD,com.pustotin.zerobalance.food.comet_crunch,0.69
2026-10-02,QAT,QAR,com.pustotin.zerobalance.food.comet_crunch,2.0
2026-10-02,ROU,RON,com.pustotin.zerobalance.food.comet_crunch,2.0
2026-10-02,RUS,RUB,com.pustotin.zerobalance.food.comet_crunch,29.0
2026-10-02,RWA,USD,com.pustotin.zerobalance.food.comet_crunch,0.69
2026-10-02,SAU,SAR,com.pustotin.zerobalance.food.comet_crunch,2.0
2026-10-02,SEN,USD,com.pustotin.zerobalance.food.comet_crunch,0.69
2026-10-02,SGP,SGD,com.pustotin.zerobalance.food.comet_crunch,0.88
2026-10-02,SLB,USD,com.pustotin.zerobalance.food.comet_crunch,0.69
2026-10-02,SLE,USD,com.pustotin.zerobalance.food.comet_crunch,0.69
2026-10-02,SLV,USD,com.pustotin.zerobalance.food.comet_crunch,0.69
2026-10-02,SRB,EUR,com.pustotin.zerobalance.food.comet_crunch,0.69
2026-10-02,STP,USD,com.pustotin.zerobalance.food.comet_crunch,0.69
2026-10-02,SUR,USD,com.pustotin.zerobalance.food.comet_crunch,0.69
2026-10-02,SVK,EUR,com.pustotin.zerobalance.food.comet_crunch,0.69
2026-10-02,SVN,EUR,com.pustotin.zerobalance.food.comet_crunch,0.69
2026-10-02,SWE,SEK,com.pustotin.zerobalance.food.comet_crunch,7.0
2026-10-02,SWZ,USD,com.pustotin.zerobalance.food.comet_crunch,0.69
2026-10-02,SYC,USD,com.pustotin.zerobalance.food.comet_crunch,0.69
2026-10-02,TCA,USD,com.pustotin.zerobalance.food.comet_crunch,0.69
2026-10-02,TCD,USD,com.pustotin.zerobalance.food.comet_crunch,0.69
2026-10-02,THA,THB,com.pustotin.zerobalance.food.comet_crunch,20.0
2026-10-02,TJK,USD,com.pustotin.zerobalance.food.comet_crunch,0.69
2026-10-02,TKM,USD,com.pustotin.zerobalance.food.comet_crunch,0.69
2026-10-02,TON,USD,com.pustotin.zerobalance.food.comet_crunch,0.69
2026-10-02,TTO,USD,com.pustotin.zerobalance.food.comet_crunch,0.69
2026-10-02,TUN,USD,com.pustotin.zerobalance.food.comet_crunch,0.69
2026-10-02,TUR,TRY,com.pustotin.zerobalance.food.comet_crunch,5.0
2026-10-02,TWN,TWD,com.pustotin.zerobalance.food.comet_crunch,25
2026-10-02,TZA,TZS,com.pustotin.zerobalance.food.comet_crunch,900.0
2026-10-02,UGA,USD,com.pustotin.zerobalance.food.comet_crunch,0.69
2026-10-02,UKR,USD,com.pustotin.zerobalance.food.comet_crunch,0.69
2026-10-02,URY,USD,com.pustotin.zerobalance.food.comet_crunch,0.69
2026-10-02,USA,USD,com.pustotin.zerobalance.food.comet_crunch,0.69
2026-10-02,UZB,USD,com.pustotin.zerobalance.food.comet_crunch,0.69
2026-10-02,VCT,USD,com.pustotin.zerobalance.food.comet_crunch,0.69
2026-10-02,VEN,USD,com.pustotin.zerobalance.food.comet_crunch,0.69
2026-10-02,VGB,USD,com.pustotin.zerobalance.food.comet_crunch,0.69
2026-10-02,VNM,VND,com.pustotin.zerobalance.food.comet_crunch,9000
2026-10-02,VUT,USD,com.pustotin.zerobalance.food.comet_crunch,0.69
2026-10-02,XKS,EUR,com.pustotin.zerobalance.food.comet_crunch,0.69
2026-10-02,YEM,USD,com.pustotin.zerobalance.food.comet_crunch,0.69
2026-10-02,ZAF,ZAR,com.pustotin.zerobalance.food.comet_crunch,6.99
2026-10-02,ZMB,USD,com.pustotin.zerobalance.food.comet_crunch,0.69
2026-10-02,ZWE,USD,com.pustotin.zerobalance.food.comet_crunch,0.69
2026-10-02,AFG,USD,com.pustotin.zerobalance.food.cosmic_cocoa,0.29
2026-10-02,AGO,USD,com.pustotin.zerobalance.food.cosmic_cocoa,0.29
2026-10-02,AIA,USD,com.pustotin.zerobalance.food.cosmic_cocoa,0.29
2026-10-02,ALB,USD,com.pustotin.zerobalance.food.cosmic_cocoa,0.29
2026-10-02,ARE,AED,com.pustotin.zerobalance.food.cosmic_cocoa,0.99
2026-10-02,ARG,USD,com.pustotin.zerobalance.food.cosmic_cocoa,0.29
2026-10-02,ARM,USD,com.pustotin.zerobalance.food.cosmic_cocoa,0.29
2026-10-02,ATG,USD,com.pustotin.zerobalance.food.cosmic_cocoa,0.29
2026-10-02,AUS,AUD,com.pustotin.zerobalance.food.cosmic_cocoa,0.39
2026-10-02,AUT,EUR,com.pustotin.zerobalance.food.cosmic_cocoa,0.29
2026-10-02,AZE,USD,com.pustotin.zerobalance.food.cosmic_cocoa,0.29
2026-10-02,BEL,EUR,com.pustotin.zerobalance.food.cosmic_cocoa,0.29
2026-10-02,BEN,USD,com.pustotin.zerobalance.food.cosmic_cocoa,0.29
2026-10-02,BFA,USD,com.pustotin.zerobalance.food.cosmic_cocoa,0.29
2026-10-02,BGR,EUR,com.pustotin.zerobalance.food.cosmic_cocoa,0.29
2026-10-02,BHR,USD,com.pustotin.zerobalance.food.cosmic_cocoa,0.29
2026-10-02,BHS,USD,com.pustotin.zerobalance.food.cosmic_cocoa,0.29
2026-10-02,BIH,EUR,com.pustotin.zerobalance.food.cosmic_cocoa,0.29
2026-10-02,BLR,USD,com.pustotin.zerobalance.food.cosmic_cocoa,0.29
2026-10-02,BLZ,USD,com.pustotin.zerobalance.food.cosmic_cocoa,0.29
2026-10-02,BMU,USD,com.pustotin.zerobalance.food.cosmic_cocoa,0.29
2026-10-02,BOL,USD,com.pustotin.zerobalance.food.cosmic_cocoa,0.29
2026-10-02,BRA,BRL,com.pustotin.zerobalance.food.cosmic_cocoa,0.9
2026-10-02,BRB,USD,com.pustotin.zerobalance.food.cosmic_cocoa,0.29
2026-10-02,BRN,USD,com.pustotin.zerobalance.food.cosmic_cocoa,0.29
2026-10-02,BTN,USD,com.pustotin.zerobalance.food.cosmic_cocoa,0.29
2026-10-02,BWA,USD,com.pustotin.zerobalance.food.cosmic_cocoa,0.29
2026-10-02,CAN,CAD,com.pustotin.zerobalance.food.cosmic_cocoa,0.29
2026-10-02,CHE,CHF,com.pustotin.zerobalance.food.cosmic_cocoa,0.3
2026-10-02,CHL,CLP,com.pustotin.zerobalance.food.cosmic_cocoa,190
2026-10-02,CHN,CNY,com.pustotin.zerobalance.food.cosmic_cocoa,1.0
2026-10-02,CIV,USD,com.pustotin.zerobalance.food.cosmic_cocoa,0.29
2026-10-02,CMR,USD,com.pustotin.zerobalance.food.cosmic_cocoa,0.29
2026-10-02,COD,USD,com.pustotin.zerobalance.food.cosmic_cocoa,0.29
2026-10-02,COG,USD,com.pustotin.zerobalance.food.cosmic_cocoa,0.29
2026-10-02,COL,COP,com.pustotin.zerobalance.food.cosmic_cocoa,900.0
2026-10-02,CPV,USD,com.pustotin.zerobalance.food.cosmic_cocoa,0.29
2026-10-02,CRI,USD,com.pustotin.zerobalance.food.cosmic_cocoa,0.29
2026-10-02,CYM,USD,com.pustotin.zerobalance.food.cosmic_cocoa,0.29
2026-10-02,CYP,EUR,com.pustotin.zerobalance.food.cosmic_cocoa,0.29
2026-10-02,CZE,CZK,com.pustotin.zerobalance.food.cosmic_cocoa,9.0
2026-10-02,DEU,EUR,com.pustotin.zerobalance.food.cosmic_cocoa,0.29
2026-10-02,DMA,USD,com.pustotin.zerobalance.food.cosmic_cocoa,0.29
2026-10-02,DNK,DKK,com.pustotin.zerobalance.food.cosmic_cocoa,3.0
2026-10-02,DOM,USD,com.pustotin.zerobalance.food.cosmic_cocoa,0.29
2026-10-02,DZA,USD,com.pustotin.zerobalance.food.cosmic_cocoa,0.29
2026-10-02,ECU,USD,com.pustotin.zerobalance.food.cosmic_cocoa,0.29
2026-10-02,EGY,EGP,com.pustotin.zerobalance.food.cosmic_cocoa,2.99
2026-10-02,ESP,EUR,com.pustotin.zerobalance.food.cosmic_cocoa,0.29
2026-10-02,EST,EUR,com.pustotin.zerobalance.food.cosmic_cocoa,0.29
2026-10-02,FIN,EUR,com.pustotin.zerobalance.food.cosmic_cocoa,0.29
2026-10-02,FJI,USD,com.pustotin.zerobalance.food.cosmic_cocoa,0.29
2026-10-02,FRA,EUR,com.pustotin.zerobalance.food.cosmic_cocoa,0.29
2026-10-02,FSM,USD,com.pustotin.zerobalance.food.cosmic_cocoa,0.29
2026-10-02,GAB,USD,com.pustotin.zerobalance.food.cosmic_cocoa,0.29
2026-10-02,GBR,GBP,com.pustotin.zerobalance.food.cosmic_cocoa,0.29
2026-10-02,GEO,USD,com.pustotin.zerobalance.food.cosmic_cocoa,0.29
2026-10-02,GHA,USD,com.pustotin.zerobalance.food.cosmic_cocoa,0.29
2026-10-02,GMB,USD,com.pustotin.zerobalance.food.cosmic_cocoa,0.29
2026-10-02,GNB,USD,com.pustotin.zerobalance.food.cosmic_cocoa,0.29
2026-10-02,GRC,EUR,com.pustotin.zerobalance.food.cosmic_cocoa,0.29
2026-10-02,GRD,USD,com.pustotin.zerobalance.food.cosmic_cocoa,0.29
2026-10-02,GTM,USD,com.pustotin.zerobalance.food.cosmic_cocoa,0.29
2026-10-02,GUY,USD,com.pustotin.zerobalance.food.cosmic_cocoa,0.29
2026-10-02,HKG,HKD,com.pustotin.zerobalance.food.cosmic_cocoa,2.0
2026-10-02,HND,USD,com.pustotin.zerobalance.food.cosmic_cocoa,0.29
2026-10-02,HRV,EUR,com.pustotin.zerobalance.food.cosmic_cocoa,0.29
2026-10-02,HUN,HUF,com.pustotin.zerobalance.food.cosmic_cocoa,99
2026-10-02,IDN,IDR,com.pustotin.zerobalance.food.cosmic_cocoa,3000
2026-10-02,IND,INR,com.pustotin.zerobalance.food.cosmic_cocoa,9.0
2026-10-02,IRL,EUR,com.pustotin.zerobalance.food.cosmic_cocoa,0.29
2026-10-02,IRQ,USD,com.pustotin.zerobalance.food.cosmic_cocoa,0.29
2026-10-02,ISL,USD,com.pustotin.zerobalance.food.cosmic_cocoa,0.29
2026-10-02,ISR,ILS,com.pustotin.zerobalance.food.cosmic_cocoa,0.9
2026-10-02,ITA,EUR,com.pustotin.zerobalance.food.cosmic_cocoa,0.29
2026-10-02,JAM,USD,com.pustotin.zerobalance.food.cosmic_cocoa,0.29
2026-10-02,JOR,USD,com.pustotin.zerobalance.food.cosmic_cocoa,0.29
2026-10-02,JPN,JPY,com.pustotin.zerobalance.food.cosmic_cocoa,50
2026-10-02,KAZ,KZT,com.pustotin.zerobalance.food.cosmic_cocoa,69.0
2026-10-02,KEN,USD,com.pustotin.zerobalance.food.cosmic_cocoa,0.29
2026-10-02,KGZ,USD,com.pustotin.zerobalance.food.cosmic_cocoa,0.29
2026-10-02,KHM,USD,com.pustotin.zerobalance.food.cosmic_cocoa,0.29
2026-10-02,KNA,USD,com.pustotin.zerobalance.food.cosmic_cocoa,0.29
2026-10-02,KOR,KRW,com.pustotin.zerobalance.food.cosmic_cocoa,400
2026-10-02,KWT,USD,com.pustotin.zerobalance.food.cosmic_cocoa,0.29
2026-10-02,LAO,USD,com.pustotin.zerobalance.food.cosmic_cocoa,0.29
2026-10-02,LBN,USD,com.pustotin.zerobalance.food.cosmic_cocoa,0.29
2026-10-02,LBR,USD,com.pustotin.zerobalance.food.cosmic_cocoa,0.29
2026-10-02,LBY,USD,com.pustotin.zerobalance.food.cosmic_cocoa,0.29
2026-10-02,LCA,USD,com.pustotin.zerobalance.food.cosmic_cocoa,0.29
2026-10-02,LKA,USD,com.pustotin.zerobalance.food.cosmic_cocoa,0.29
2026-10-02,LTU,EUR,com.pustotin.zerobalance.food.cosmic_cocoa,0.29
2026-10-02,LUX,EUR,com.pustotin.zerobalance.food.cosmic_cocoa,0.29
2026-10-02,LVA,EUR,com.pustotin.zerobalance.food.cosmic_cocoa,0.29
2026-10-02,MAC,USD,com.pustotin.zerobalance.food.cosmic_cocoa,0.29
2026-10-02,MAR,USD,com.pustotin.zerobalance.food.cosmic_cocoa,0.29
2026-10-02,MDA,USD,com.pustotin.zerobalance.food.cosmic_cocoa,0.29
2026-10-02,MDG,USD,com.pustotin.zerobalance.food.cosmic_cocoa,0.29
2026-10-02,MDV,USD,com.pustotin.zerobalance.food.cosmic_cocoa,0.29
2026-10-02,MEX,MXN,com.pustotin.zerobalance.food.cosmic_cocoa,5.0
2026-10-02,MKD,USD,com.pustotin.zerobalance.food.cosmic_cocoa,0.29
2026-10-02,MLI,USD,com.pustotin.zerobalance.food.cosmic_cocoa,0.29
2026-10-02,MLT,EUR,com.pustotin.zerobalance.food.cosmic_cocoa,0.29
2026-10-02,MMR,USD,com.pustotin.zerobalance.food.cosmic_cocoa,0.29
2026-10-02,MNE,EUR,com.pustotin.zerobalance.food.cosmic_cocoa,0.29
2026-10-02,MNG,USD,com.pustotin.zerobalance.food.cosmic_cocoa,0.29
2026-10-02,MOZ,USD,com.pustotin.zerobalance.food.cosmic_cocoa,0.29
2026-10-02,MRT,USD,com.pustotin.zerobalance.food.cosmic_cocoa,0.29
2026-10-02,MSR,USD,com.pustotin.zerobalance.food.cosmic_cocoa,0.29
2026-10-02,MUS,USD,com.pustotin.zerobalance.food.cosmic_cocoa,0.29
2026-10-02,MWI,USD,com.pustotin.zerobalance.food.cosmic_cocoa,0.29
2026-10-02,MYS,MYR,com.pustotin.zerobalance.food.cosmic_cocoa,0.9
2026-10-02,NAM,USD,com.pustotin.zerobalance.food.cosmic_cocoa,0.29
2026-10-02,NER,USD,com.pustotin.zerobalance.food.cosmic_cocoa,0.29
2026-10-02,NGA,NGN,com.pustotin.zerobalance.food.cosmic_cocoa,100.0
2026-10-02,NIC,USD,com.pustotin.zerobalance.food.cosmic_cocoa,0.29
2026-10-02,NLD,EUR,com.pustotin.zerobalance.food.cosmic_cocoa,0.29
2026-10-02,NOR,NOK,com.pustotin.zerobalance.food.cosmic_cocoa,3.0
2026-10-02,NPL,USD,com.pustotin.zerobalance.food.cosmic_cocoa,0.29
2026-10-02,NRU,USD,com.pustotin.zerobalance.food.cosmic_cocoa,0.29
2026-10-02,NZL,NZD,com.pustotin.zerobalance.food.cosmic_cocoa,0.39
2026-10-02,OMN,USD,com.pustotin.zerobalance.food.cosmic_cocoa,0.29
2026-10-02,PAK,PKR,com.pustotin.zerobalance.food.cosmic_cocoa,30.0
2026-10-02,PAN,USD,com.pustotin.zerobalance.food.cosmic_cocoa,0.29
2026-10-02,PER,PEN,com.pustotin.zerobalance.food.cosmic_cocoa,0.9
2026-10-02,PHL,PHP,com.pustotin.zerobalance.food.cosmic_cocoa,9.0
2026-10-02,PLW,USD,com.pustotin.zerobalance.food.cosmic_cocoa,0.29
2026-10-02,PNG,USD,com.pustotin.zerobalance.food.cosmic_cocoa,0.29
2026-10-02,POL,PLN,com.pustotin.zerobalance.food.cosmic_cocoa,0.99
2026-10-02,PRT,EUR,com.pustotin.zerobalance.food.cosmic_cocoa,0.29
2026-10-02,PRY,USD,com.pustotin.zerobalance.food.cosmic_cocoa,0.29
2026-10-02,QAT,QAR,com.pustotin.zerobalance.food.cosmic_cocoa,0.99
2026-10-02,ROU,RON,com.pustotin.zerobalance.food.cosmic_cocoa,0.99
2026-10-02,RUS,RUB,com.pustotin.zerobalance.food.cosmic_cocoa,15.0
2026-10-02,RWA,USD,com.pustotin.zerobalance.food.cosmic_cocoa,0.29
2026-10-02,SAU,SAR,com.pustotin.zerobalance.food.cosmic_cocoa,0.99
2026-10-02,SEN,USD,com.pustotin.zerobalance.food.cosmic_cocoa,0.29
2026-10-02,SGP,SGD,com.pustotin.zerobalance.food.cosmic_cocoa,0.48
2026-10-02,SLB,USD,com.pustotin.zerobalance.food.cosmic_cocoa,0.29
2026-10-02,SLE,USD,com.pustotin.zerobalance.food.cosmic_cocoa,0.29
2026-10-02,SLV,USD,com.pustotin.zerobalance.food.cosmic_cocoa,0.29
2026-10-02,SRB,EUR,com.pustotin.zerobalance.food.cosmic_cocoa,0.29
2026-10-02,STP,USD,com.pustotin.zerobalance.food.cosmic_cocoa,0.29
2026-10-02,SUR,USD,com.pustotin.zerobalance.food.cosmic_cocoa,0.29
2026-10-02,SVK,EUR,com.pustotin.zerobalance.food.cosmic_cocoa,0.29
2026-10-02,SVN,EUR,com.pustotin.zerobalance.food.cosmic_cocoa,0.29
2026-10-02,SWE,SEK,com.pustotin.zerobalance.food.cosmic_cocoa,3.0
2026-10-02,SWZ,USD,com.pustotin.zerobalance.food.cosmic_cocoa,0.29
2026-10-02,SYC,USD,com.pustotin.zerobalance.food.cosmic_cocoa,0.29
2026-10-02,TCA,USD,com.pustotin.zerobalance.food.cosmic_cocoa,0.29
2026-10-02,TCD,USD,com.pustotin.zerobalance.food.cosmic_cocoa,0.29
2026-10-02,THA,THB,com.pustotin.zerobalance.food.cosmic_cocoa,9.0
2026-10-02,TJK,USD,com.pustotin.zerobalance.food.cosmic_cocoa,0.29
2026-10-02,TKM,USD,com.pustotin.zerobalance.food.cosmic_cocoa,0.29
2026-10-02,TON,USD,com.pustotin.zerobalance.food.cosmic_cocoa,0.29
2026-10-02,TTO,USD,com.pustotin.zerobalance.food.cosmic_cocoa,0.29
2026-10-02,TUN,USD,com.pustotin.zerobalance.food.cosmic_cocoa,0.29
2026-10-02,TUR,TRY,com.pustotin.zerobalance.food.cosmic_cocoa,2.99
2026-10-02,TWN,TWD,com.pustotin.zerobalance.food.cosmic_cocoa,10
2026-10-02,TZA,TZS,com.pustotin.zerobalance.food.cosmic_cocoa,500.0
2026-10-02,UGA,USD,com.pustotin.zerobalance.food.cosmic_cocoa,0.29
2026-10-02,UKR,USD,com.pustotin.zerobalance.food.cosmic_cocoa,0.29
2026-10-02,URY,USD,com.pustotin.zerobalance.food.cosmic_cocoa,0.29
2026-10-02,USA,USD,com.pustotin.zerobalance.food.cosmic_cocoa,0.29
2026-10-02,UZB,USD,com.pustotin.zerobalance.food.cosmic_cocoa,0.29
2026-10-02,VCT,USD,com.pustotin.zerobalance.food.cosmic_cocoa,0.29
2026-10-02,VEN,USD,com.pustotin.zerobalance.food.cosmic_cocoa,0.29
2026-10-02,VGB,USD,com.pustotin.zerobalance.food.cosmic_cocoa,0.29
2026-10-02,VNM,VND,com.pustotin.zerobalance.food.cosmic_cocoa,5000
2026-10-02,VUT,USD,com.pustotin.zerobalance.food.cosmic_cocoa,0.29
2026-10-02,XKS,EUR,com.pustotin.zerobalance.food.cosmic_cocoa,0.29
2026-10-02,YEM,USD,com.pustotin.zerobalance.food.cosmic_cocoa,0.29
2026-10-02,ZAF,ZAR,com.pustotin.zerobalance.food.cosmic_cocoa,3.99
2026-10-02,ZMB,USD,com.pustotin.zerobalance.food.cosmic_cocoa,0.29
2026-10-02,ZWE,USD,com.pustotin.zerobalance.food.cosmic_cocoa,0.29
2026-10-02,AFG,USD,com.pustotin.zerobalance.toy.cosmic_treasure,49.99
2026-10-02,AGO,USD,com.pustotin.zerobalance.toy.cosmic_treasure,49.99
2026-10-02,AIA,USD,com.pustotin.zerobalance.toy.cosmic_treasure,49.99
2026-10-02,ALB,USD,com.pustotin.zerobalance.toy.cosmic_treasure,49.99
2026-10-02,ARE,AED,com.pustotin.zerobalance.toy.cosmic_treasure,134.99
2026-10-02,ARG,USD,com.pustotin.zerobalance.toy.cosmic_treasure,49.99
2026-10-02,ARM,USD,com.pustotin.zerobalance.toy.cosmic_treasure,49.99
2026-10-02,ATG,USD,com.pustotin.zerobalance.toy.cosmic_treasure,49.99
2026-10-02,AUS,AUD,com.pustotin.zerobalance.toy.cosmic_treasure,50.0
2026-10-02,AUT,EUR,com.pustotin.zerobalance.toy.cosmic_treasure,49.99
2026-10-02,AZE,USD,com.pustotin.zerobalance.toy.cosmic_treasure,49.99
2026-10-02,BEL,EUR,com.pustotin.zerobalance.toy.cosmic_treasure,49.99
2026-10-02,BEN,USD,com.pustotin.zerobalance.toy.cosmic_treasure,49.99
2026-10-02,BFA,USD,com.pustotin.zerobalance.toy.cosmic_treasure,49.99
2026-10-02,BGR,EUR,com.pustotin.zerobalance.toy.cosmic_treasure,49.99
2026-10-02,BHR,USD,com.pustotin.zerobalance.toy.cosmic_treasure,49.99
2026-10-02,BHS,USD,com.pustotin.zerobalance.toy.cosmic_treasure,49.99
2026-10-02,BIH,EUR,com.pustotin.zerobalance.toy.cosmic_treasure,49.99
2026-10-02,BLR,USD,com.pustotin.zerobalance.toy.cosmic_treasure,49.99
2026-10-02,BLZ,USD,com.pustotin.zerobalance.toy.cosmic_treasure,49.99
2026-10-02,BMU,USD,com.pustotin.zerobalance.toy.cosmic_treasure,49.99
2026-10-02,BOL,USD,com.pustotin.zerobalance.toy.cosmic_treasure,49.99
2026-10-02,BRA,BRL,com.pustotin.zerobalance.toy.cosmic_treasure,148.9
2026-10-02,BRB,USD,com.pustotin.zerobalance.toy.cosmic_treasure,49.99
2026-10-02,BRN,USD,com.pustotin.zerobalance.toy.cosmic_treasure,49.99
2026-10-02,BTN,USD,com.pustotin.zerobalance.toy.cosmic_treasure,49.99
2026-10-02,BWA,USD,com.pustotin.zerobalance.toy.cosmic_treasure,49.99
2026-10-02,CAN,CAD,com.pustotin.zerobalance.toy.cosmic_treasure,49.99
2026-10-02,CHE,CHF,com.pustotin.zerobalance.toy.cosmic_treasure,69.95
2026-10-02,CHL,CLP,com.pustotin.zerobalance.toy.cosmic_treasure,29990
2026-10-02,CHN,CNY,com.pustotin.zerobalance.toy.cosmic_treasure,222.0
2026-10-02,CIV,USD,com.pustotin.zerobalance.toy.cosmic_treasure,49.99
2026-10-02,CMR,USD,com.pustotin.zerobalance.toy.cosmic_treasure,49.99
2026-10-02,COD,USD,com.pustotin.zerobalance.toy.cosmic_treasure,49.99
2026-10-02,COG,USD,com.pustotin.zerobalance.toy.cosmic_treasure,49.99
2026-10-02,COL,COP,com.pustotin.zerobalance.toy.cosmic_treasure,156900.0
2026-10-02,CPV,USD,com.pustotin.zerobalance.toy.cosmic_treasure,49.99
2026-10-02,CRI,USD,com.pustotin.zerobalance.toy.cosmic_treasure,49.99
2026-10-02,CYM,USD,com.pustotin.zerobalance.toy.cosmic_treasure,49.99
2026-10-02,CYP,EUR,com.pustotin.zerobalance.toy.cosmic_treasure,49.99
2026-10-02,CZE,CZK,com.pustotin.zerobalance.toy.cosmic_treasure,1299.0
2026-10-02,DEU,EUR,com.pustotin.zerobalance.toy.cosmic_treasure,49.99
2026-10-02,DMA,USD,com.pustotin.zerobalance.toy.cosmic_treasure,49.99
2026-10-02,DNK,DKK,com.pustotin.zerobalance.toy.cosmic_treasure,1020.0
2026-10-02,DOM,USD,com.pustotin.zerobalance.toy.cosmic_treasure,49.99
2026-10-02,DZA,USD,com.pustotin.zerobalance.toy.cosmic_treasure,49.99
2026-10-02,ECU,USD,com.pustotin.zerobalance.toy.cosmic_treasure,49.99
2026-10-02,EGY,EGP,com.pustotin.zerobalance.toy.cosmic_treasure,579.0
2026-10-02,ESP,EUR,com.pustotin.zerobalance.toy.cosmic_treasure,49.99
2026-10-02,EST,EUR,com.pustotin.zerobalance.toy.cosmic_treasure,49.99
2026-10-02,FIN,EUR,com.pustotin.zerobalance.toy.cosmic_treasure,49.99
2026-10-02,FJI,USD,com.pustotin.zerobalance.toy.cosmic_treasure,49.99
2026-10-02,FRA,EUR,com.pustotin.zerobalance.toy.cosmic_treasure,49.99
2026-10-02,FSM,USD,com.pustotin.zerobalance.toy.cosmic_treasure,49.99
2026-10-02,GAB,USD,com.pustotin.zerobalance.toy.cosmic_treasure,49.99
2026-10-02,GBR,GBP,com.pustotin.zerobalance.toy.cosmic_treasure,49.99
2026-10-02,GEO,USD,com.pustotin.zerobalance.toy.cosmic_treasure,49.99
2026-10-02,GHA,USD,com.pustotin.zerobalance.toy.cosmic_treasure,49.99
2026-10-02,GMB,USD,com.pustotin.zerobalance.toy.cosmic_treasure,49.99
2026-10-02,GNB,USD,com.pustotin.zerobalance.toy.cosmic_treasure,49.99
2026-10-02,GRC,EUR,com.pustotin.zerobalance.toy.cosmic_treasure,49.99
2026-10-02,GRD,USD,com.pustotin.zerobalance.toy.cosmic_treasure,49.99
2026-10-02,GTM,USD,com.pustotin.zerobalance.toy.cosmic_treasure,49.99
2026-10-02,GUY,USD,com.pustotin.zerobalance.toy.cosmic_treasure,49.99
2026-10-02,HKG,HKD,com.pustotin.zerobalance.toy.cosmic_treasure,729.0
2026-10-02,HND,USD,com.pustotin.zerobalance.toy.cosmic_treasure,49.99
2026-10-02,HRV,EUR,com.pustotin.zerobalance.toy.cosmic_treasure,49.99
2026-10-02,HUN,HUF,com.pustotin.zerobalance.toy.cosmic_treasure,17999
2026-10-02,IDN,IDR,com.pustotin.zerobalance.toy.cosmic_treasure,500000
2026-10-02,IND,INR,com.pustotin.zerobalance.toy.cosmic_treasure,2949.0
2026-10-02,IRL,EUR,com.pustotin.zerobalance.toy.cosmic_treasure,49.99
2026-10-02,IRQ,USD,com.pustotin.zerobalance.toy.cosmic_treasure,49.99
2026-10-02,ISL,USD,com.pustotin.zerobalance.toy.cosmic_treasure,49.99
2026-10-02,ISR,ILS,com.pustotin.zerobalance.toy.cosmic_treasure,125.9
2026-10-02,ITA,EUR,com.pustotin.zerobalance.toy.cosmic_treasure,49.99
2026-10-02,JAM,USD,com.pustotin.zerobalance.toy.cosmic_treasure,49.99
2026-10-02,JOR,USD,com.pustotin.zerobalance.toy.cosmic_treasure,49.99
2026-10-02,JPN,JPY,com.pustotin.zerobalance.toy.cosmic_treasure,6390
2026-10-02,KAZ,KZT,com.pustotin.zerobalance.toy.cosmic_treasure,12390.0
2026-10-02,KEN,USD,com.pustotin.zerobalance.toy.cosmic_treasure,49.99
2026-10-02,KGZ,USD,com.pustotin.zerobalance.toy.cosmic_treasure,49.99
2026-10-02,KHM,USD,com.pustotin.zerobalance.toy.cosmic_treasure,49.99
2026-10-02,KNA,USD,com.pustotin.zerobalance.toy.cosmic_treasure,49.99
2026-10-02,KOR,KRW,com.pustotin.zerobalance.toy.cosmic_treasure,59900
2026-10-02,KWT,USD,com.pustotin.zerobalance.toy.cosmic_treasure,49.99
2026-10-02,LAO,USD,com.pustotin.zerobalance.toy.cosmic_treasure,49.99
2026-10-02,LBN,USD,com.pustotin.zerobalance.toy.cosmic_treasure,49.99
2026-10-02,LBR,USD,com.pustotin.zerobalance.toy.cosmic_treasure,49.99
2026-10-02,LBY,USD,com.pustotin.zerobalance.toy.cosmic_treasure,49.99
2026-10-02,LCA,USD,com.pustotin.zerobalance.toy.cosmic_treasure,49.99
2026-10-02,LKA,USD,com.pustotin.zerobalance.toy.cosmic_treasure,49.99
2026-10-02,LTU,EUR,com.pustotin.zerobalance.toy.cosmic_treasure,49.99
2026-10-02,LUX,EUR,com.pustotin.zerobalance.toy.cosmic_treasure,49.99
2026-10-02,LVA,EUR,com.pustotin.zerobalance.toy.cosmic_treasure,49.99
2026-10-02,MAC,USD,com.pustotin.zerobalance.toy.cosmic_treasure,49.99
2026-10-02,MAR,USD,com.pustotin.zerobalance.toy.cosmic_treasure,49.99
2026-10-02,MDA,USD,com.pustotin.zerobalance.toy.cosmic_treasure,49.99
2026-10-02,MDG,USD,com.pustotin.zerobalance.toy.cosmic_treasure,49.99
2026-10-02,MDV,USD,com.pustotin.zerobalance.toy.cosmic_treasure,49.99
2026-10-02,MEX,MXN,com.pustotin.zerobalance.toy.cosmic_treasure,699.0
2026-10-02,MKD,USD,com.pustotin.zerobalance.toy.cosmic_treasure,49.99
2026-10-02,MLI,USD,com.pustotin.zerobalance.toy.cosmic_treasure,49.99
2026-10-02,MLT,EUR,com.pustotin.zerobalance.toy.cosmic_treasure,49.99
2026-10-02,MMR,USD,com.pustotin.zerobalance.toy.cosmic_treasure,49.99
2026-10-02,MNE,EUR,com.pustotin.zerobalance.toy.cosmic_treasure,49.99
2026-10-02,MNG,USD,com.pustotin.zerobalance.toy.cosmic_treasure,49.99
2026-10-02,MOZ,USD,com.pustotin.zerobalance.toy.cosmic_treasure,49.99
2026-10-02,MRT,USD,com.pustotin.zerobalance.toy.cosmic_treasure,49.99
2026-10-02,MSR,USD,com.pustotin.zerobalance.toy.cosmic_treasure,49.99
2026-10-02,MUS,USD,com.pustotin.zerobalance.toy.cosmic_treasure,49.99
2026-10-02,MWI,USD,com.pustotin.zerobalance.toy.cosmic_treasure,49.99
2026-10-02,MYS,MYR,com.pustotin.zerobalance.toy.cosmic_treasure,162.9
2026-10-02,NAM,USD,com.pustotin.zerobalance.toy.cosmic_treasure,49.99
2026-10-02,NER,USD,com.pustotin.zerobalance.toy.cosmic_treasure,49.99
2026-10-02,NGA,NGN,com.pustotin.zerobalance.toy.cosmic_treasure,23100.0
2026-10-02,NIC,USD,com.pustotin.zerobalance.toy.cosmic_treasure,49.99
2026-10-02,NLD,EUR,com.pustotin.zerobalance.toy.cosmic_treasure,49.99
2026-10-02,NOR,NOK,com.pustotin.zerobalance.toy.cosmic_treasure,1020.0
2026-10-02,NPL,USD,com.pustotin.zerobalance.toy.cosmic_treasure,49.99
2026-10-02,NRU,USD,com.pustotin.zerobalance.toy.cosmic_treasure,49.99
2026-10-02,NZL,NZD,com.pustotin.zerobalance.toy.cosmic_treasure,50.0
2026-10-02,OMN,USD,com.pustotin.zerobalance.toy.cosmic_treasure,49.99
2026-10-02,PAK,PKR,com.pustotin.zerobalance.toy.cosmic_treasure,5600.0
2026-10-02,PAN,USD,com.pustotin.zerobalance.toy.cosmic_treasure,49.99
2026-10-02,PER,PEN,com.pustotin.zerobalance.toy.cosmic_treasure,116.9
2026-10-02,PHL,PHP,com.pustotin.zerobalance.toy.cosmic_treasure,1760.0
2026-10-02,PLW,USD,com.pustotin.zerobalance.toy.cosmic_treasure,49.99
2026-10-02,PNG,USD,com.pustotin.zerobalance.toy.cosmic_treasure,49.99
2026-10-02,POL,PLN,com.pustotin.zerobalance.toy.cosmic_treasure,152.99
2026-10-02,PRT,EUR,com.pustotin.zerobalance.toy.cosmic_treasure,49.99
2026-10-02,PRY,USD,com.pustotin.zerobalance.toy.cosmic_treasure,49.99
2026-10-02,QAT,QAR,com.pustotin.zerobalance.toy.cosmic_treasure,134.99
2026-10-02,ROU,RON,com.pustotin.zerobalance.toy.cosmic_treasure,152.99
2026-10-02,RUS,RUB,com.pustotin.zerobalance.toy.cosmic_treasure,1300.0
2026-10-02,RWA,USD,com.pustotin.zerobalance.toy.cosmic_treasure,49.99
2026-10-02,SAU,SAR,com.pustotin.zerobalance.toy.cosmic_treasure,134.99
2026-10-02,SEN,USD,com.pustotin.zerobalance.toy.cosmic_treasure,49.99
2026-10-02,SGP,SGD,com.pustotin.zerobalance.toy.cosmic_treasure,47.95
2026-10-02,SLB,USD,com.pustotin.zerobalance.toy.cosmic_treasure,49.99
2026-10-02,SLE,USD,com.pustotin.zerobalance.toy.cosmic_treasure,49.99
2026-10-02,SLV,USD,com.pustotin.zerobalance.toy.cosmic_treasure,49.99
2026-10-02,SRB,EUR,com.pustotin.zerobalance.toy.cosmic_treasure,49.99
2026-10-02,STP,USD,com.pustotin.zerobalance.toy.cosmic_treasure,49.99
2026-10-02,SUR,USD,com.pustotin.zerobalance.toy.cosmic_treasure,49.99
2026-10-02,SVK,EUR,com.pustotin.zerobalance.toy.cosmic_treasure,49.99
2026-10-02,SVN,EUR,com.pustotin.zerobalance.toy.cosmic_treasure,49.99
2026-10-02,SWE,SEK,com.pustotin.zerobalance.toy.cosmic_treasure,1020.0
2026-10-02,SWZ,USD,com.pustotin.zerobalance.toy.cosmic_treasure,49.99
2026-10-02,SYC,USD,com.pustotin.zerobalance.toy.cosmic_treasure,49.99
2026-10-02,TCA,USD,com.pustotin.zerobalance.toy.cosmic_treasure,49.99
2026-10-02,TCD,USD,com.pustotin.zerobalance.toy.cosmic_treasure,49.99
2026-10-02,THA,THB,com.pustotin.zerobalance.toy.cosmic_treasure,1760.0
2026-10-02,TJK,USD,com.pustotin.zerobalance.toy.cosmic_treasure,49.99
2026-10-02,TKM,USD,com.pustotin.zerobalance.toy.cosmic_treasure,49.99
2026-10-02,TON,USD,com.pustotin.zerobalance.toy.cosmic_treasure,49.99
2026-10-02,TTO,USD,com.pustotin.zerobalance.toy.cosmic_treasure,49.99
2026-10-02,TUN,USD,com.pustotin.zerobalance.toy.cosmic_treasure,49.99
2026-10-02,TUR,TRY,com.pustotin.zerobalance.toy.cosmic_treasure,579.0
2026-10-02,TWN,TWD,com.pustotin.zerobalance.toy.cosmic_treasure,2100
2026-10-02,TZA,TZS,com.pustotin.zerobalance.toy.cosmic_treasure,109000.0
2026-10-02,UGA,USD,com.pustotin.zerobalance.toy.cosmic_treasure,49.99
2026-10-02,UKR,USD,com.pustotin.zerobalance.toy.cosmic_treasure,49.99
2026-10-02,URY,USD,com.pustotin.zerobalance.toy.cosmic_treasure,49.99
2026-10-02,USA,USD,com.pustotin.zerobalance.toy.cosmic_treasure,49.99
2026-10-02,UZB,USD,com.pustotin.zerobalance.toy.cosmic_treasure,49.99
2026-10-02,VCT,USD,com.pustotin.zerobalance.toy.cosmic_treasure,49.99
2026-10-02,VEN,USD,com.pustotin.zerobalance.toy.cosmic_treasure,49.99
2026-10-02,VGB,USD,com.pustotin.zerobalance.toy.cosmic_treasure,49.99
2026-10-02,VNM,VND,com.pustotin.zerobalance.toy.cosmic_treasure,839000
2026-10-02,VUT,USD,com.pustotin.zerobalance.toy.cosmic_treasure,49.99
2026-10-02,XKS,EUR,com.pustotin.zerobalance.toy.cosmic_treasure,49.99
2026-10-02,YEM,USD,com.pustotin.zerobalance.toy.cosmic_treasure,49.99
2026-10-02,ZAF,ZAR,com.pustotin.zerobalance.toy.cosmic_treasure,829.99
2026-10-02,ZMB,USD,com.pustotin.zerobalance.toy.cosmic_treasure,49.99
2026-10-02,ZWE,USD,com.pustotin.zerobalance.toy.cosmic_treasure,49.99
2026-10-02,AFG,USD,com.pustotin.zerobalance.warmth.cozy_glow,0.99
2026-10-02,AGO,USD,com.pustotin.zerobalance.warmth.cozy_glow,0.99
2026-10-02,AIA,USD,com.pustotin.zerobalance.warmth.cozy_glow,0.99
2026-10-02,ALB,USD,com.pustotin.zerobalance.warmth.cozy_glow,0.99
2026-10-02,ARE,AED,com.pustotin.zerobalance.warmth.cozy_glow,3.49
2026-10-02,ARG,USD,com.pustotin.zerobalance.warmth.cozy_glow,0.99
2026-10-02,ARM,USD,com.pustotin.zerobalance.warmth.cozy_glow,0.99
2026-10-02,ATG,USD,com.pustotin.zerobalance.warmth.cozy_glow,0.99
2026-10-02,AUS,AUD,com.pustotin.zerobalance.warmth.cozy_glow,1.0
2026-10-02,AUT,EUR,com.pustotin.zerobalance.warmth.cozy_glow,0.99
2026-10-02,AZE,USD,com.pustotin.zerobalance.warmth.cozy_glow,0.99
2026-10-02,BEL,EUR,com.pustotin.zerobalance.warmth.cozy_glow,0.99
2026-10-02,BEN,USD,com.pustotin.zerobalance.warmth.cozy_glow,0.99
2026-10-02,BFA,USD,com.pustotin.zerobalance.warmth.cozy_glow,0.99
2026-10-02,BGR,EUR,com.pustotin.zerobalance.warmth.cozy_glow,0.99
2026-10-02,BHR,USD,com.pustotin.zerobalance.warmth.cozy_glow,0.99
2026-10-02,BHS,USD,com.pustotin.zerobalance.warmth.cozy_glow,0.99
2026-10-02,BIH,EUR,com.pustotin.zerobalance.warmth.cozy_glow,0.99
2026-10-02,BLR,USD,com.pustotin.zerobalance.warmth.cozy_glow,0.99
2026-10-02,BLZ,USD,com.pustotin.zerobalance.warmth.cozy_glow,0.99
2026-10-02,BMU,USD,com.pustotin.zerobalance.warmth.cozy_glow,0.99
2026-10-02,BOL,USD,com.pustotin.zerobalance.warmth.cozy_glow,0.99
2026-10-02,BRA,BRL,com.pustotin.zerobalance.warmth.cozy_glow,2.99
2026-10-02,BRB,USD,com.pustotin.zerobalance.warmth.cozy_glow,0.99
2026-10-02,BRN,USD,com.pustotin.zerobalance.warmth.cozy_glow,0.99
2026-10-02,BTN,USD,com.pustotin.zerobalance.warmth.cozy_glow,0.99
2026-10-02,BWA,USD,com.pustotin.zerobalance.warmth.cozy_glow,0.99
2026-10-02,CAN,CAD,com.pustotin.zerobalance.warmth.cozy_glow,0.99
2026-10-02,CHE,CHF,com.pustotin.zerobalance.warmth.cozy_glow,1.1
2026-10-02,CHL,CLP,com.pustotin.zerobalance.warmth.cozy_glow,600
2026-10-02,CHN,CNY,com.pustotin.zerobalance.warmth.cozy_glow,4.0
2026-10-02,CIV,USD,com.pustotin.zerobalance.warmth.cozy_glow,0.99
2026-10-02,CMR,USD,com.pustotin.zerobalance.warmth.cozy_glow,0.99
2026-10-02,COD,USD,com.pustotin.zerobalance.warmth.cozy_glow,0.99
2026-10-02,COG,USD,com.pustotin.zerobalance.warmth.cozy_glow,0.99
2026-10-02,COL,COP,com.pustotin.zerobalance.warmth.cozy_glow,3900.0
2026-10-02,CPV,USD,com.pustotin.zerobalance.warmth.cozy_glow,0.99
2026-10-02,CRI,USD,com.pustotin.zerobalance.warmth.cozy_glow,0.99
2026-10-02,CYM,USD,com.pustotin.zerobalance.warmth.cozy_glow,0.99
2026-10-02,CYP,EUR,com.pustotin.zerobalance.warmth.cozy_glow,0.99
2026-10-02,CZE,CZK,com.pustotin.zerobalance.warmth.cozy_glow,16.0
2026-10-02,DEU,EUR,com.pustotin.zerobalance.warmth.cozy_glow,0.99
2026-10-02,DMA,USD,com.pustotin.zerobalance.warmth.cozy_glow,0.99
2026-10-02,DNK,DKK,com.pustotin.zerobalance.warmth.cozy_glow,12.0
2026-10-02,DOM,USD,com.pustotin.zerobalance.warmth.cozy_glow,0.99
2026-10-02,DZA,USD,com.pustotin.zerobalance.warmth.cozy_glow,0.99
2026-10-02,ECU,USD,com.pustotin.zerobalance.warmth.cozy_glow,0.99
2026-10-02,EGY,EGP,com.pustotin.zerobalance.warmth.cozy_glow,9.0
2026-10-02,ESP,EUR,com.pustotin.zerobalance.warmth.cozy_glow,0.99
2026-10-02,EST,EUR,com.pustotin.zerobalance.warmth.cozy_glow,0.99
2026-10-02,FIN,EUR,com.pustotin.zerobalance.warmth.cozy_glow,0.99
2026-10-02,FJI,USD,com.pustotin.zerobalance.warmth.cozy_glow,0.99
2026-10-02,FRA,EUR,com.pustotin.zerobalance.warmth.cozy_glow,0.99
2026-10-02,FSM,USD,com.pustotin.zerobalance.warmth.cozy_glow,0.99
2026-10-02,GAB,USD,com.pustotin.zerobalance.warmth.cozy_glow,0.99
2026-10-02,GBR,GBP,com.pustotin.zerobalance.warmth.cozy_glow,0.99
2026-10-02,GEO,USD,com.pustotin.zerobalance.warmth.cozy_glow,0.99
2026-10-02,GHA,USD,com.pustotin.zerobalance.warmth.cozy_glow,0.99
2026-10-02,GMB,USD,com.pustotin.zerobalance.warmth.cozy_glow,0.99
2026-10-02,GNB,USD,com.pustotin.zerobalance.warmth.cozy_glow,0.99
2026-10-02,GRC,EUR,com.pustotin.zerobalance.warmth.cozy_glow,0.99
2026-10-02,GRD,USD,com.pustotin.zerobalance.warmth.cozy_glow,0.99
2026-10-02,GTM,USD,com.pustotin.zerobalance.warmth.cozy_glow,0.99
2026-10-02,GUY,USD,com.pustotin.zerobalance.warmth.cozy_glow,0.99
2026-10-02,HKG,HKD,com.pustotin.zerobalance.warmth.cozy_glow,11.0
2026-10-02,HND,USD,com.pustotin.zerobalance.warmth.cozy_glow,0.99
2026-10-02,HRV,EUR,com.pustotin.zerobalance.warmth.cozy_glow,0.99
2026-10-02,HUN,HUF,com.pustotin.zerobalance.warmth.cozy_glow,399
2026-10-02,IDN,IDR,com.pustotin.zerobalance.warmth.cozy_glow,7500
2026-10-02,IND,INR,com.pustotin.zerobalance.warmth.cozy_glow,39.0
2026-10-02,IRL,EUR,com.pustotin.zerobalance.warmth.cozy_glow,0.99
2026-10-02,IRQ,USD,com.pustotin.zerobalance.warmth.cozy_glow,0.99
2026-10-02,ISL,USD,com.pustotin.zerobalance.warmth.cozy_glow,0.99
2026-10-02,ISR,ILS,com.pustotin.zerobalance.warmth.cozy_glow,3.9
2026-10-02,ITA,EUR,com.pustotin.zerobalance.warmth.cozy_glow,0.99
2026-10-02,JAM,USD,com.pustotin.zerobalance.warmth.cozy_glow,0.99
2026-10-02,JOR,USD,com.pustotin.zerobalance.warmth.cozy_glow,0.99
2026-10-02,JPN,JPY,com.pustotin.zerobalance.warmth.cozy_glow,140
2026-10-02,KAZ,KZT,com.pustotin.zerobalance.warmth.cozy_glow,110.0
2026-10-02,KEN,USD,com.pustotin.zerobalance.warmth.cozy_glow,0.99
2026-10-02,KGZ,USD,com.pustotin.zerobalance.warmth.cozy_glow,0.99
2026-10-02,KHM,USD,com.pustotin.zerobalance.warmth.cozy_glow,0.99
2026-10-02,KNA,USD,com.pustotin.zerobalance.warmth.cozy_glow,0.99
2026-10-02,KOR,KRW,com.pustotin.zerobalance.warmth.cozy_glow,880
2026-10-02,KWT,USD,com.pustotin.zerobalance.warmth.cozy_glow,0.99
2026-10-02,LAO,USD,com.pustotin.zerobalance.warmth.cozy_glow,0.99
2026-10-02,LBN,USD,com.pustotin.zerobalance.warmth.cozy_glow,0.99
2026-10-02,LBR,USD,com.pustotin.zerobalance.warmth.cozy_glow,0.99
2026-10-02,LBY,USD,com.pustotin.zerobalance.warmth.cozy_glow,0.99
2026-10-02,LCA,USD,com.pustotin.zerobalance.warmth.cozy_glow,0.99
2026-10-02,LKA,USD,com.pustotin.zerobalance.warmth.cozy_glow,0.99
2026-10-02,LTU,EUR,com.pustotin.zerobalance.warmth.cozy_glow,0.99
2026-10-02,LUX,EUR,com.pustotin.zerobalance.warmth.cozy_glow,0.99
2026-10-02,LVA,EUR,com.pustotin.zerobalance.warmth.cozy_glow,0.99
2026-10-02,MAC,USD,com.pustotin.zerobalance.warmth.cozy_glow,0.99
2026-10-02,MAR,USD,com.pustotin.zerobalance.warmth.cozy_glow,0.99
2026-10-02,MDA,USD,com.pustotin.zerobalance.warmth.cozy_glow,0.99
2026-10-02,MDG,USD,com.pustotin.zerobalance.warmth.cozy_glow,0.99
2026-10-02,MDV,USD,com.pustotin.zerobalance.warmth.cozy_glow,0.99
2026-10-02,MEX,MXN,com.pustotin.zerobalance.warmth.cozy_glow,14.0
2026-10-02,MKD,USD,com.pustotin.zerobalance.warmth.cozy_glow,0.99
2026-10-02,MLI,USD,com.pustotin.zerobalance.warmth.cozy_glow,0.99
2026-10-02,MLT,EUR,com.pustotin.zerobalance.warmth.cozy_glow,0.99
2026-10-02,MMR,USD,com.pustotin.zerobalance.warmth.cozy_glow,0.99
2026-10-02,MNE,EUR,com.pustotin.zerobalance.warmth.cozy_glow,0.99
2026-10-02,MNG,USD,com.pustotin.zerobalance.warmth.cozy_glow,0.99
2026-10-02,MOZ,USD,com.pustotin.zerobalance.warmth.cozy_glow,0.99
2026-10-02,MRT,USD,com.pustotin.zerobalance.warmth.cozy_glow,0.99
2026-10-02,MSR,USD,com.pustotin.zerobalance.warmth.cozy_glow,0.99
2026-10-02,MUS,USD,com.pustotin.zerobalance.warmth.cozy_glow,0.99
2026-10-02,MWI,USD,com.pustotin.zerobalance.warmth.cozy_glow,0.99
2026-10-02,MYS,MYR,com.pustotin.zerobalance.warmth.cozy_glow,2.99
2026-10-02,NAM,USD,com.pustotin.zerobalance.warmth.cozy_glow,0.99
2026-10-02,NER,USD,com.pustotin.zerobalance.warmth.cozy_glow,0.99
2026-10-02,NGA,NGN,com.pustotin.zerobalance.warmth.cozy_glow,190.0
2026-10-02,NIC,USD,com.pustotin.zerobalance.warmth.cozy_glow,0.99
2026-10-02,NLD,EUR,com.pustotin.zerobalance.warmth.cozy_glow,0.99
2026-10-02,NOR,NOK,com.pustotin.zerobalance.warmth.cozy_glow,12.0
2026-10-02,NPL,USD,com.pustotin.zerobalance.warmth.cozy_glow,0.99
2026-10-02,NRU,USD,com.pustotin.zerobalance.warmth.cozy_glow,0.99
2026-10-02,NZL,NZD,com.pustotin.zerobalance.warmth.cozy_glow,1.0
2026-10-02,OMN,USD,com.pustotin.zerobalance.warmth.cozy_glow,0.99
2026-10-02,PAK,PKR,com.pustotin.zerobalance.warmth.cozy_glow,79.0
2026-10-02,PAN,USD,com.pustotin.zerobalance.warmth.cozy_glow,0.99
2026-10-02,PER,PEN,com.pustotin.zerobalance.warmth.cozy_glow,2.99
2026-10-02,PHL,PHP,com.pustotin.zerobalance.warmth.cozy_glow,39.0
2026-10-02,PLW,USD,com.pustotin.zerobalance.warmth.cozy_glow,0.99
2026-10-02,PNG,USD,com.pustotin.zerobalance.warmth.cozy_glow,0.99
2026-10-02,POL,PLN,com.pustotin.zerobalance.warmth.cozy_glow,3.99
2026-10-02,PRT,EUR,com.pustotin.zerobalance.warmth.cozy_glow,0.99
2026-10-02,PRY,USD,com.pustotin.zerobalance.warmth.cozy_glow,0.99
2026-10-02,QAT,QAR,com.pustotin.zerobalance.warmth.cozy_glow,3.49
2026-10-02,ROU,RON,com.pustotin.zerobalance.warmth.cozy_glow,3.99
2026-10-02,RUS,RUB,com.pustotin.zerobalance.warmth.cozy_glow,45.0
2026-10-02,RWA,USD,com.pustotin.zerobalance.warmth.cozy_glow,0.99
2026-10-02,SAU,SAR,com.pustotin.zerobalance.warmth.cozy_glow,3.49
2026-10-02,SEN,USD,com.pustotin.zerobalance.warmth.cozy_glow,0.99
2026-10-02,SGP,SGD,com.pustotin.zerobalance.warmth.cozy_glow,1.0
2026-10-02,SLB,USD,com.pustotin.zerobalance.warmth.cozy_glow,0.99
2026-10-02,SLE,USD,com.pustotin.zerobalance.warmth.cozy_glow,0.99
2026-10-02,SLV,USD,com.pustotin.zerobalance.warmth.cozy_glow,0.99
2026-10-02,SRB,EUR,com.pustotin.zerobalance.warmth.cozy_glow,0.99
2026-10-02,STP,USD,com.pustotin.zerobalance.warmth.cozy_glow,0.99
2026-10-02,SUR,USD,com.pustotin.zerobalance.warmth.cozy_glow,0.99
2026-10-02,SVK,EUR,com.pustotin.zerobalance.warmth.cozy_glow,0.99
2026-10-02,SVN,EUR,com.pustotin.zerobalance.warmth.cozy_glow,0.99
2026-10-02,SWE,SEK,com.pustotin.zerobalance.warmth.cozy_glow,12.0
2026-10-02,SWZ,USD,com.pustotin.zerobalance.warmth.cozy_glow,0.99
2026-10-02,SYC,USD,com.pustotin.zerobalance.warmth.cozy_glow,0.99
2026-10-02,TCA,USD,com.pustotin.zerobalance.warmth.cozy_glow,0.99
2026-10-02,TCD,USD,com.pustotin.zerobalance.warmth.cozy_glow,0.99
2026-10-02,THA,THB,com.pustotin.zerobalance.warmth.cozy_glow,39.0
2026-10-02,TJK,USD,com.pustotin.zerobalance.warmth.cozy_glow,0.99
2026-10-02,TKM,USD,com.pustotin.zerobalance.warmth.cozy_glow,0.99
2026-10-02,TON,USD,com.pustotin.zerobalance.warmth.cozy_glow,0.99
2026-10-02,TTO,USD,com.pustotin.zerobalance.warmth.cozy_glow,0.99
2026-10-02,TUN,USD,com.pustotin.zerobalance.warmth.cozy_glow,0.99
2026-10-02,TUR,TRY,com.pustotin.zerobalance.warmth.cozy_glow,9.0
2026-10-02,TWN,TWD,com.pustotin.zerobalance.warmth.cozy_glow,39
2026-10-02,TZA,TZS,com.pustotin.zerobalance.warmth.cozy_glow,1400.0
2026-10-02,UGA,USD,com.pustotin.zerobalance.warmth.cozy_glow,0.99
2026-10-02,UKR,USD,com.pustotin.zerobalance.warmth.cozy_glow,0.99
2026-10-02,URY,USD,com.pustotin.zerobalance.warmth.cozy_glow,0.99
2026-10-02,USA,USD,com.pustotin.zerobalance.warmth.cozy_glow,0.99
2026-10-02,UZB,USD,com.pustotin.zerobalance.warmth.cozy_glow,0.99
2026-10-02,VCT,USD,com.pustotin.zerobalance.warmth.cozy_glow,0.99
2026-10-02,VEN,USD,com.pustotin.zerobalance.warmth.cozy_glow,0.99
2026-10-02,VGB,USD,com.pustotin.zerobalance.warmth.cozy_glow,0.99
2026-10-02,VNM,VND,com.pustotin.zerobalance.warmth.cozy_glow,14000
2026-10-02,VUT,USD,com.pustotin.zerobalance.warmth.cozy_glow,0.99
2026-10-02,XKS,EUR,com.pustotin.zerobalance.warmth.cozy_glow,0.99
2026-10-02,YEM,USD,com.pustotin.zerobalance.warmth.cozy_glow,0.99
2026-10-02,ZAF,ZAR,com.pustotin.zerobalance.warmth.cozy_glow,10.0
2026-10-02,ZMB,USD,com.pustotin.zerobalance.warmth.cozy_glow,0.99
2026-10-02,ZWE,USD,com.pustotin.zerobalance.warmth.cozy_glow,0.99
2026-10-02,AFG,USD,com.pustotin.zerobalance.clothing.cozy_pin,1.49
2026-10-02,AGO,USD,com.pustotin.zerobalance.clothing.cozy_pin,1.49
2026-10-02,AIA,USD,com.pustotin.zerobalance.clothing.cozy_pin,1.49
2026-10-02,ALB,USD,com.pustotin.zerobalance.clothing.cozy_pin,1.49
2026-10-02,ARE,AED,com.pustotin.zerobalance.clothing.cozy_pin,5.0
2026-10-02,ARG,USD,com.pustotin.zerobalance.clothing.cozy_pin,1.49
2026-10-02,ARM,USD,com.pustotin.zerobalance.clothing.cozy_pin,1.49
2026-10-02,ATG,USD,com.pustotin.zerobalance.clothing.cozy_pin,1.49
2026-10-02,AUS,AUD,com.pustotin.zerobalance.clothing.cozy_pin,1.59
2026-10-02,AUT,EUR,com.pustotin.zerobalance.clothing.cozy_pin,1.49
2026-10-02,AZE,USD,com.pustotin.zerobalance.clothing.cozy_pin,1.49
2026-10-02,BEL,EUR,com.pustotin.zerobalance.clothing.cozy_pin,1.49
2026-10-02,BEN,USD,com.pustotin.zerobalance.clothing.cozy_pin,1.49
2026-10-02,BFA,USD,com.pustotin.zerobalance.clothing.cozy_pin,1.49
2026-10-02,BGR,EUR,com.pustotin.zerobalance.clothing.cozy_pin,1.49
2026-10-02,BHR,USD,com.pustotin.zerobalance.clothing.cozy_pin,1.49
2026-10-02,BHS,USD,com.pustotin.zerobalance.clothing.cozy_pin,1.49
2026-10-02,BIH,EUR,com.pustotin.zerobalance.clothing.cozy_pin,1.49
2026-10-02,BLR,USD,com.pustotin.zerobalance.clothing.cozy_pin,1.49
2026-10-02,BLZ,USD,com.pustotin.zerobalance.clothing.cozy_pin,1.49
2026-10-02,BMU,USD,com.pustotin.zerobalance.clothing.cozy_pin,1.49
2026-10-02,BOL,USD,com.pustotin.zerobalance.clothing.cozy_pin,1.49
2026-10-02,BRA,BRL,com.pustotin.zerobalance.clothing.cozy_pin,4.5
2026-10-02,BRB,USD,com.pustotin.zerobalance.clothing.cozy_pin,1.49
2026-10-02,BRN,USD,com.pustotin.zerobalance.clothing.cozy_pin,1.49
2026-10-02,BTN,USD,com.pustotin.zerobalance.clothing.cozy_pin,1.49
2026-10-02,BWA,USD,com.pustotin.zerobalance.clothing.cozy_pin,1.49
2026-10-02,CAN,CAD,com.pustotin.zerobalance.clothing.cozy_pin,1.49
2026-10-02,CHE,CHF,com.pustotin.zerobalance.clothing.cozy_pin,1.7
2026-10-02,CHL,CLP,com.pustotin.zerobalance.clothing.cozy_pin,900
2026-10-02,CHN,CNY,com.pustotin.zerobalance.clothing.cozy_pin,6.0
2026-10-02,CIV,USD,com.pustotin.zerobalance.clothing.cozy_pin,1.49
2026-10-02,CMR,USD,com.pustotin.zerobalance.clothing.cozy_pin,1.49
2026-10-02,COD,USD,com.pustotin.zerobalance.clothing.cozy_pin,1.49
2026-10-02,COG,USD,com.pustotin.zerobalance.clothing.cozy_pin,1.49
2026-10-02,COL,COP,com.pustotin.zerobalance.clothing.cozy_pin,5900.0
2026-10-02,CPV,USD,com.pustotin.zerobalance.clothing.cozy_pin,1.49
2026-10-02,CRI,USD,com.pustotin.zerobalance.clothing.cozy_pin,1.49
2026-10-02,CYM,USD,com.pustotin.zerobalance.clothing.cozy_pin,1.49
2026-10-02,CYP,EUR,com.pustotin.zerobalance.clothing.cozy_pin,1.49
2026-10-02,CZE,CZK,com.pustotin.zerobalance.clothing.cozy_pin,21.0
2026-10-02,DEU,EUR,com.pustotin.zerobalance.clothing.cozy_pin,1.49
2026-10-02,DMA,USD,com.pustotin.zerobalance.clothing.cozy_pin,1.49
2026-10-02,DNK,DKK,com.pustotin.zerobalance.clothing.cozy_pin,18.0
2026-10-02,DOM,USD,com.pustotin.zerobalance.clothing.cozy_pin,1.49
2026-10-02,DZA,USD,com.pustotin.zerobalance.clothing.cozy_pin,1.49
2026-10-02,ECU,USD,com.pustotin.zerobalance.clothing.cozy_pin,1.49
2026-10-02,EGY,EGP,com.pustotin.zerobalance.clothing.cozy_pin,12.99
2026-10-02,ESP,EUR,com.pustotin.zerobalance.clothing.cozy_pin,1.49
2026-10-02,EST,EUR,com.pustotin.zerobalance.clothing.cozy_pin,1.49
2026-10-02,FIN,EUR,com.pustotin.zerobalance.clothing.cozy_pin,1.49
2026-10-02,FJI,USD,com.pustotin.zerobalance.clothing.cozy_pin,1.49
2026-10-02,FRA,EUR,com.pustotin.zerobalance.clothing.cozy_pin,1.49
2026-10-02,FSM,USD,com.pustotin.zerobalance.clothing.cozy_pin,1.49
2026-10-02,GAB,USD,com.pustotin.zerobalance.clothing.cozy_pin,1.49
2026-10-02,GBR,GBP,com.pustotin.zerobalance.clothing.cozy_pin,1.49
2026-10-02,GEO,USD,com.pustotin.zerobalance.clothing.cozy_pin,1.49
2026-10-02,GHA,USD,com.pustotin.zerobalance.clothing.cozy_pin,1.49
2026-10-02,GMB,USD,com.pustotin.zerobalance.clothing.cozy_pin,1.49
2026-10-02,GNB,USD,com.pustotin.zerobalance.clothing.cozy_pin,1.49
2026-10-02,GRC,EUR,com.pustotin.zerobalance.clothing.cozy_pin,1.49
2026-10-02,GRD,USD,com.pustotin.zerobalance.clothing.cozy_pin,1.49
2026-10-02,GTM,USD,com.pustotin.zerobalance.clothing.cozy_pin,1.49
2026-10-02,GUY,USD,com.pustotin.zerobalance.clothing.cozy_pin,1.49
2026-10-02,HKG,HKD,com.pustotin.zerobalance.clothing.cozy_pin,17.0
2026-10-02,HND,USD,com.pustotin.zerobalance.clothing.cozy_pin,1.49
2026-10-02,HRV,EUR,com.pustotin.zerobalance.clothing.cozy_pin,1.49
2026-10-02,HUN,HUF,com.pustotin.zerobalance.clothing.cozy_pin,599
2026-10-02,IDN,IDR,com.pustotin.zerobalance.clothing.cozy_pin,10000
2026-10-02,IND,INR,com.pustotin.zerobalance.clothing.cozy_pin,59.0
2026-10-02,IRL,EUR,com.pustotin.zerobalance.clothing.cozy_pin,1.49
2026-10-02,IRQ,USD,com.pustotin.zerobalance.clothing.cozy_pin,1.49
2026-10-02,ISL,USD,com.pustotin.zerobalance.clothing.cozy_pin,1.49
2026-10-02,ISR,ILS,com.pustotin.zerobalance.clothing.cozy_pin,5.9
2026-10-02,ITA,EUR,com.pustotin.zerobalance.clothing.cozy_pin,1.49
2026-10-02,JAM,USD,com.pustotin.zerobalance.clothing.cozy_pin,1.49
2026-10-02,JOR,USD,com.pustotin.zerobalance.clothing.cozy_pin,1.49
2026-10-02,JPN,JPY,com.pustotin.zerobalance.clothing.cozy_pin,200
2026-10-02,KAZ,KZT,com.pustotin.zerobalance.clothing.cozy_pin,140.0
2026-10-02,KEN,USD,com.pustotin.zerobalance.clothing.cozy_pin,1.49
2026-10-02,KGZ,USD,com.pustotin.zerobalance.clothing.cozy_pin,1.49
2026-10-02,KHM,USD,com.pustotin.zerobalance.clothing.cozy_pin,1.49
2026-10-02,KNA,USD,com.pustotin.zerobalance.clothing.cozy_pin,1.49
2026-10-02,KOR,KRW,com.pustotin.zerobalance.clothing.cozy_pin,1200
2026-10-02,KWT,USD,com.pustotin.zerobalance.clothing.cozy_pin,1.49
2026-10-02,LAO,USD,com.pustotin.zerobalance.clothing.cozy_pin,1.49
2026-10-02,LBN,USD,com.pustotin.zerobalance.clothing.cozy_pin,1.49
2026-10-02,LBR,USD,com.pustotin.zerobalance.clothing.cozy_pin,1.49
2026-10-02,LBY,USD,com.pustotin.zerobalance.clothing.cozy_pin,1.49
2026-10-02,LCA,USD,com.pustotin.zerobalance.clothing.cozy_pin,1.49
2026-10-02,LKA,USD,com.pustotin.zerobalance.clothing.cozy_pin,1.49
2026-10-02,LTU,EUR,com.pustotin.zerobalance.clothing.cozy_pin,1.49
2026-10-02,LUX,EUR,com.pustotin.zerobalance.clothing.cozy_pin,1.49
2026-10-02,LVA,EUR,com.pustotin.zerobalance.clothing.cozy_pin,1.49
2026-10-02,MAC,USD,com.pustotin.zerobalance.clothing.cozy_pin,1.49
2026-10-02,MAR,USD,com.pustotin.zerobalance.clothing.cozy_pin,1.49
2026-10-02,MDA,USD,com.pustotin.zerobalance.clothing.cozy_pin,1.49
2026-10-02,MDG,USD,com.pustotin.zerobalance.clothing.cozy_pin,1.49
2026-10-02,MDV,USD,com.pustotin.zerobalance.clothing.cozy_pin,1.49
2026-10-02,MEX,MXN,com.pustotin.zerobalance.clothing.cozy_pin,20.0
2026-10-02,MKD,USD,com.pustotin.zerobalance.clothing.cozy_pin,1.49
2026-10-02,MLI,USD,com.pustotin.zerobalance.clothing.cozy_pin,1.49
2026-10-02,MLT,EUR,com.pustotin.zerobalance.clothing.cozy_pin,1.49
2026-10-02,MMR,USD,com.pustotin.zerobalance.clothing.cozy_pin,1.49
2026-10-02,MNE,EUR,com.pustotin.zerobalance.clothing.cozy_pin,1.49
2026-10-02,MNG,USD,com.pustotin.zerobalance.clothing.cozy_pin,1.49
2026-10-02,MOZ,USD,com.pustotin.zerobalance.clothing.cozy_pin,1.49
2026-10-02,MRT,USD,com.pustotin.zerobalance.clothing.cozy_pin,1.49
2026-10-02,MSR,USD,com.pustotin.zerobalance.clothing.cozy_pin,1.49
2026-10-02,MUS,USD,com.pustotin.zerobalance.clothing.cozy_pin,1.49
2026-10-02,MWI,USD,com.pustotin.zerobalance.clothing.cozy_pin,1.49
2026-10-02,MYS,MYR,com.pustotin.zerobalance.clothing.cozy_pin,4.5
2026-10-02,NAM,USD,com.pustotin.zerobalance.clothing.cozy_pin,1.49
2026-10-02,NER,USD,com.pustotin.zerobalance.clothing.cozy_pin,1.49
2026-10-02,NGA,NGN,com.pustotin.zerobalance.clothing.cozy_pin,240.0
2026-10-02,NIC,USD,com.pustotin.zerobalance.clothing.cozy_pin,1.49
2026-10-02,NLD,EUR,com.pustotin.zerobalance.clothing.cozy_pin,1.49
2026-10-02,NOR,NOK,com.pustotin.zerobalance.clothing.cozy_pin,18.0
2026-10-02,NPL,USD,com.pustotin.zerobalance.clothing.cozy_pin,1.49
2026-10-02,NRU,USD,com.pustotin.zerobalance.clothing.cozy_pin,1.49
2026-10-02,NZL,NZD,com.pustotin.zerobalance.clothing.cozy_pin,1.59
2026-10-02,OMN,USD,com.pustotin.zerobalance.clothing.cozy_pin,1.49
2026-10-02,PAK,PKR,com.pustotin.zerobalance.clothing.cozy_pin,109.0
2026-10-02,PAN,USD,com.pustotin.zerobalance.clothing.cozy_pin,1.49
2026-10-02,PER,PEN,com.pustotin.zerobalance.clothing.cozy_pin,4.5
2026-10-02,PHL,PHP,com.pustotin.zerobalance.clothing.cozy_pin,59.0
2026-10-02,PLW,USD,com.pustotin.zerobalance.clothing.cozy_pin,1.49
2026-10-02,PNG,USD,com.pustotin.zerobalance.clothing.cozy_pin,1.49
2026-10-02,POL,PLN,com.pustotin.zerobalance.clothing.cozy_pin,5.99
2026-10-02,PRT,EUR,com.pustotin.zerobalance.clothing.cozy_pin,1.49
2026-10-02,PRY,USD,com.pustotin.zerobalance.clothing.cozy_pin,1.49
2026-10-02,QAT,QAR,com.pustotin.zerobalance.clothing.cozy_pin,5.0
2026-10-02,ROU,RON,com.pustotin.zerobalance.clothing.cozy_pin,5.99
2026-10-02,RUS,RUB,com.pustotin.zerobalance.clothing.cozy_pin,65.0
2026-10-02,RWA,USD,com.pustotin.zerobalance.clothing.cozy_pin,1.49
2026-10-02,SAU,SAR,com.pustotin.zerobalance.clothing.cozy_pin,5.0
2026-10-02,SEN,USD,com.pustotin.zerobalance.clothing.cozy_pin,1.49
2026-10-02,SGP,SGD,com.pustotin.zerobalance.clothing.cozy_pin,1.58
2026-10-02,SLB,USD,com.pustotin.zerobalance.clothing.cozy_pin,1.49
2026-10-02,SLE,USD,com.pustotin.zerobalance.clothing.cozy_pin,1.49
2026-10-02,SLV,USD,com.pustotin.zerobalance.clothing.cozy_pin,1.49
2026-10-02,SRB,EUR,com.pustotin.zerobalance.clothing.cozy_pin,1.49
2026-10-02,STP,USD,com.pustotin.zerobalance.clothing.cozy_pin,1.49
2026-10-02,SUR,USD,com.pustotin.zerobalance.clothing.cozy_pin,1.49
2026-10-02,SVK,EUR,com.pustotin.zerobalance.clothing.cozy_pin,1.49
2026-10-02,SVN,EUR,com.pustotin.zerobalance.clothing.cozy_pin,1.49
2026-10-02,SWE,SEK,com.pustotin.zerobalance.clothing.cozy_pin,18.0
2026-10-02,SWZ,USD,com.pustotin.zerobalance.clothing.cozy_pin,1.49
2026-10-02,SYC,USD,com.pustotin.zerobalance.clothing.cozy_pin,1.49
2026-10-02,TCA,USD,com.pustotin.zerobalance.clothing.cozy_pin,1.49
2026-10-02,TCD,USD,com.pustotin.zerobalance.clothing.cozy_pin,1.49
2026-10-02,THA,THB,com.pustotin.zerobalance.clothing.cozy_pin,59.0
2026-10-02,TJK,USD,com.pustotin.zerobalance.clothing.cozy_pin,1.49
2026-10-02,TKM,USD,com.pustotin.zerobalance.clothing.cozy_pin,1.49
2026-10-02,TON,USD,com.pustotin.zerobalance.clothing.cozy_pin,1.49
2026-10-02,TTO,USD,com.pustotin.zerobalance.clothing.cozy_pin,1.49
2026-10-02,TUN,USD,com.pustotin.zerobalance.clothing.cozy_pin,1.49
2026-10-02,TUR,TRY,com.pustotin.zerobalance.clothing.cozy_pin,12.99
2026-10-02,TWN,TWD,com.pustotin.zerobalance.clothing.cozy_pin,59
2026-10-02,TZA,TZS,com.pustotin.zerobalance.clothing.cozy_pin,2000.0
2026-10-02,UGA,USD,com.pustotin.zerobalance.clothing.cozy_pin,1.49
2026-10-02,UKR,USD,com.pustotin.zerobalance.clothing.cozy_pin,1.49
2026-10-02,URY,USD,com.pustotin.zerobalance.clothing.cozy_pin,1.49
2026-10-02,USA,USD,com.pustotin.zerobalance.clothing.cozy_pin,1.49
2026-10-02,UZB,USD,com.pustotin.zerobalance.clothing.cozy_pin,1.49
2026-10-02,VCT,USD,com.pustotin.zerobalance.clothing.cozy_pin,1.49
2026-10-02,VEN,USD,com.pustotin.zerobalance.clothing.cozy_pin,1.49
2026-10-02,VGB,USD,com.pustotin.zerobalance.clothing.cozy_pin,1.49
2026-10-02,VNM,VND,com.pustotin.zerobalance.clothing.cozy_pin,20000
2026-10-02,VUT,USD,com.pustotin.zerobalance.clothing.cozy_pin,1.49
2026-10-02,XKS,EUR,com.pustotin.zerobalance.clothing.cozy_pin,1.49
2026-10-02,YEM,USD,com.pustotin.zerobalance.clothing.cozy_pin,1.49
2026-10-02,ZAF,ZAR,com.pustotin.zerobalance.clothing.cozy_pin,15.0
2026-10-02,ZMB,USD,com.pustotin.zerobalance.clothing.cozy_pin,1.49
2026-10-02,ZWE,USD,com.pustotin.zerobalance.clothing.cozy_pin,1.49
2026-10-02,AFG,USD,com.pustotin.zerobalance.food.galaxy_feast,0.79
2026-10-02,AGO,USD,com.pustotin.zerobalance.food.galaxy_feast,0.79
2026-10-02,AIA,USD,com.pustotin.zerobalance.food.galaxy_feast,0.79
2026-10-02,ALB,USD,com.pustotin.zerobalance.food.galaxy_feast,0.79
2026-10-02,ARE,AED,com.pustotin.zerobalance.food.galaxy_feast,2.49
2026-10-02,ARG,USD,com.pustotin.zerobalance.food.galaxy_feast,0.79
2026-10-02,ARM,USD,com.pustotin.zerobalance.food.galaxy_feast,0.79
2026-10-02,ATG,USD,com.pustotin.zerobalance.food.galaxy_feast,0.79
2026-10-02,AUS,AUD,com.pustotin.zerobalance.food.galaxy_feast,0.89
2026-10-02,AUT,EUR,com.pustotin.zerobalance.food.galaxy_feast,0.79
2026-10-02,AZE,USD,com.pustotin.zerobalance.food.galaxy_feast,0.79
2026-10-02,BEL,EUR,com.pustotin.zerobalance.food.galaxy_feast,0.79
2026-10-02,BEN,USD,com.pustotin.zerobalance.food.galaxy_feast,0.79
2026-10-02,BFA,USD,com.pustotin.zerobalance.food.galaxy_feast,0.79
2026-10-02,BGR,EUR,com.pustotin.zerobalance.food.galaxy_feast,0.79
2026-10-02,BHR,USD,com.pustotin.zerobalance.food.galaxy_feast,0.79
2026-10-02,BHS,USD,com.pustotin.zerobalance.food.galaxy_feast,0.79
2026-10-02,BIH,EUR,com.pustotin.zerobalance.food.galaxy_feast,0.79
2026-10-02,BLR,USD,com.pustotin.zerobalance.food.galaxy_feast,0.79
2026-10-02,BLZ,USD,com.pustotin.zerobalance.food.galaxy_feast,0.79
2026-10-02,BMU,USD,com.pustotin.zerobalance.food.galaxy_feast,0.79
2026-10-02,BOL,USD,com.pustotin.zerobalance.food.galaxy_feast,0.79
2026-10-02,BRA,BRL,com.pustotin.zerobalance.food.galaxy_feast,1.99
2026-10-02,BRB,USD,com.pustotin.zerobalance.food.galaxy_feast,0.79
2026-10-02,BRN,USD,com.pustotin.zerobalance.food.galaxy_feast,0.79
2026-10-02,BTN,USD,com.pustotin.zerobalance.food.galaxy_feast,0.79
2026-10-02,BWA,USD,com.pustotin.zerobalance.food.galaxy_feast,0.79
2026-10-02,CAN,CAD,com.pustotin.zerobalance.food.galaxy_feast,0.79
2026-10-02,CHE,CHF,com.pustotin.zerobalance.food.galaxy_feast,0.8
2026-10-02,CHL,CLP,com.pustotin.zerobalance.food.galaxy_feast,400
2026-10-02,CHN,CNY,com.pustotin.zerobalance.food.galaxy_feast,2.8
2026-10-02,CIV,USD,com.pustotin.zerobalance.food.galaxy_feast,0.79
2026-10-02,CMR,USD,com.pustotin.zerobalance.food.galaxy_feast,0.79
2026-10-02,COD,USD,com.pustotin.zerobalance.food.galaxy_feast,0.79
2026-10-02,COG,USD,com.pustotin.zerobalance.food.galaxy_feast,0.79
2026-10-02,COL,COP,com.pustotin.zerobalance.food.galaxy_feast,2500.0
2026-10-02,CPV,USD,com.pustotin.zerobalance.food.galaxy_feast,0.79
2026-10-02,CRI,USD,com.pustotin.zerobalance.food.galaxy_feast,0.79
2026-10-02,CYM,USD,com.pustotin.zerobalance.food.galaxy_feast,0.79
2026-10-02,CYP,EUR,com.pustotin.zerobalance.food.galaxy_feast,0.79
2026-10-02,CZE,CZK,com.pustotin.zerobalance.food.galaxy_feast,13.0
2026-10-02,DEU,EUR,com.pustotin.zerobalance.food.galaxy_feast,0.79
2026-10-02,DMA,USD,com.pustotin.zerobalance.food.galaxy_feast,0.79
2026-10-02,DNK,DKK,com.pustotin.zerobalance.food.galaxy_feast,8.0
2026-10-02,DOM,USD,com.pustotin.zerobalance.food.galaxy_feast,0.79
2026-10-02,DZA,USD,com.pustotin.zerobalance.food.galaxy_feast,0.79
2026-10-02,ECU,USD,com.pustotin.zerobalance.food.galaxy_feast,0.79
2026-10-02,EGY,EGP,com.pustotin.zerobalance.food.galaxy_feast,5.99
2026-10-02,ESP,EUR,com.pustotin.zerobalance.food.galaxy_feast,0.79
2026-10-02,EST,EUR,com.pustotin.zerobalance.food.galaxy_feast,0.79
2026-10-02,FIN,EUR,com.pustotin.zerobalance.food.galaxy_feast,0.79
2026-10-02,FJI,USD,com.pustotin.zerobalance.food.galaxy_feast,0.79
2026-10-02,FRA,EUR,com.pustotin.zerobalance.food.galaxy_feast,0.79
2026-10-02,FSM,USD,com.pustotin.zerobalance.food.galaxy_feast,0.79
2026-10-02,GAB,USD,com.pustotin.zerobalance.food.galaxy_feast,0.79
2026-10-02,GBR,GBP,com.pustotin.zerobalance.food.galaxy_feast,0.79
2026-10-02,GEO,USD,com.pustotin.zerobalance.food.galaxy_feast,0.79
2026-10-02,GHA,USD,com.pustotin.zerobalance.food.galaxy_feast,0.79
2026-10-02,GMB,USD,com.pustotin.zerobalance.food.galaxy_feast,0.79
2026-10-02,GNB,USD,com.pustotin.zerobalance.food.galaxy_feast,0.79
2026-10-02,GRC,EUR,com.pustotin.zerobalance.food.galaxy_feast,0.79
2026-10-02,GRD,USD,com.pustotin.zerobalance.food.galaxy_feast,0.79
2026-10-02,GTM,USD,com.pustotin.zerobalance.food.galaxy_feast,0.79
2026-10-02,GUY,USD,com.pustotin.zerobalance.food.galaxy_feast,0.79
2026-10-02,HKG,HKD,com.pustotin.zerobalance.food.galaxy_feast,7.0
2026-10-02,HND,USD,com.pustotin.zerobalance.food.galaxy_feast,0.79
2026-10-02,HRV,EUR,com.pustotin.zerobalance.food.galaxy_feast,0.79
2026-10-02,HUN,HUF,com.pustotin.zerobalance.food.galaxy_feast,249
2026-10-02,IDN,IDR,com.pustotin.zerobalance.food.galaxy_feast,5500
2026-10-02,IND,INR,com.pustotin.zerobalance.food.galaxy_feast,25.0
2026-10-02,IRL,EUR,com.pustotin.zerobalance.food.galaxy_feast,0.79
2026-10-02,IRQ,USD,com.pustotin.zerobalance.food.galaxy_feast,0.79
2026-10-02,ISL,USD,com.pustotin.zerobalance.food.galaxy_feast,0.79
2026-10-02,ISR,ILS,com.pustotin.zerobalance.food.galaxy_feast,2.5
2026-10-02,ITA,EUR,com.pustotin.zerobalance.food.galaxy_feast,0.79
2026-10-02,JAM,USD,com.pustotin.zerobalance.food.galaxy_feast,0.79
2026-10-02,JOR,USD,com.pustotin.zerobalance.food.galaxy_feast,0.79
2026-10-02,JPN,JPY,com.pustotin.zerobalance.food.galaxy_feast,100
2026-10-02,KAZ,KZT,com.pustotin.zerobalance.food.galaxy_feast,90.0
2026-10-02,KEN,USD,com.pustotin.zerobalance.food.galaxy_feast,0.79
2026-10-02,KGZ,USD,com.pustotin.zerobalance.food.galaxy_feast,0.79
2026-10-02,KHM,USD,com.pustotin.zerobalance.food.galaxy_feast,0.79
2026-10-02,KNA,USD,com.pustotin.zerobalance.food.galaxy_feast,0.79
2026-10-02,KOR,KRW,com.pustotin.zerobalance.food.galaxy_feast,660
2026-10-02,KWT,USD,com.pustotin.zerobalance.food.galaxy_feast,0.79
2026-10-02,LAO,USD,com.pustotin.zerobalance.food.galaxy_feast,0.79
2026-10-02,LBN,USD,com.pustotin.zerobalance.food.galaxy_feast,0.79
2026-10-02,LBR,USD,com.pustotin.zerobalance.food.galaxy_feast,0.79
2026-10-02,LBY,USD,com.pustotin.zerobalance.food.galaxy_feast,0.79
2026-10-02,LCA,USD,com.pustotin.zerobalance.food.galaxy_feast,0.79
2026-10-02,LKA,USD,com.pustotin.zerobalance.food.galaxy_feast,0.79
2026-10-02,LTU,EUR,com.pustotin.zerobalance.food.galaxy_feast,0.79
2026-10-02,LUX,EUR,com.pustotin.zerobalance.food.galaxy_feast,0.79
2026-10-02,LVA,EUR,com.pustotin.zerobalance.food.galaxy_feast,0.79
2026-10-02,MAC,USD,com.pustotin.zerobalance.food.galaxy_feast,0.79
2026-10-02,MAR,USD,com.pustotin.zerobalance.food.galaxy_feast,0.79
2026-10-02,MDA,USD,com.pustotin.zerobalance.food.galaxy_feast,0.79
2026-10-02,MDG,USD,com.pustotin.zerobalance.food.galaxy_feast,0.79
2026-10-02,MDV,USD,com.pustotin.zerobalance.food.galaxy_feast,0.79
2026-10-02,MEX,MXN,com.pustotin.zerobalance.food.galaxy_feast,10.0
2026-10-02,MKD,USD,com.pustotin.zerobalance.food.galaxy_feast,0.79
2026-10-02,MLI,USD,com.pustotin.zerobalance.food.galaxy_feast,0.79
2026-10-02,MLT,EUR,com.pustotin.zerobalance.food.galaxy_feast,0.79
2026-10-02,MMR,USD,com.pustotin.zerobalance.food.galaxy_feast,0.79
2026-10-02,MNE,EUR,com.pustotin.zerobalance.food.galaxy_feast,0.79
2026-10-02,MNG,USD,com.pustotin.zerobalance.food.galaxy_feast,0.79
2026-10-02,MOZ,USD,com.pustotin.zerobalance.food.galaxy_feast,0.79
2026-10-02,MRT,USD,com.pustotin.zerobalance.food.galaxy_feast,0.79
2026-10-02,MSR,USD,com.pustotin.zerobalance.food.galaxy_feast,0.79
2026-10-02,MUS,USD,com.pustotin.zerobalance.food.galaxy_feast,0.79
2026-10-02,MWI,USD,com.pustotin.zerobalance.food.galaxy_feast,0.79
2026-10-02,MYS,MYR,com.pustotin.zerobalance.food.galaxy_feast,1.99
2026-10-02,NAM,USD,com.pustotin.zerobalance.food.galaxy_feast,0.79
2026-10-02,NER,USD,com.pustotin.zerobalance.food.galaxy_feast,0.79
2026-10-02,NGA,NGN,com.pustotin.zerobalance.food.galaxy_feast,150.0
2026-10-02,NIC,USD,com.pustotin.zerobalance.food.galaxy_feast,0.79
2026-10-02,NLD,EUR,com.pustotin.zerobalance.food.galaxy_feast,0.79
2026-10-02,NOR,NOK,com.pustotin.zerobalance.food.galaxy_feast,8.0
2026-10-02,NPL,USD,com.pustotin.zerobalance.food.galaxy_feast,0.79
2026-10-02,NRU,USD,com.pustotin.zerobalance.food.galaxy_feast,0.79
2026-10-02,NZL,NZD,com.pustotin.zerobalance.food.galaxy_feast,0.89
2026-10-02,OMN,USD,com.pustotin.zerobalance.food.galaxy_feast,0.79
2026-10-02,PAK,PKR,com.pustotin.zerobalance.food.galaxy_feast,59.0
2026-10-02,PAN,USD,com.pustotin.zerobalance.food.galaxy_feast,0.79
2026-10-02,PER,PEN,com.pustotin.zerobalance.food.galaxy_feast,1.99
2026-10-02,PHL,PHP,com.pustotin.zerobalance.food.galaxy_feast,25.0
2026-10-02,PLW,USD,com.pustotin.zerobalance.food.galaxy_feast,0.79
2026-10-02,PNG,USD,com.pustotin.zerobalance.food.galaxy_feast,0.79
2026-10-02,POL,PLN,com.pustotin.zerobalance.food.galaxy_feast,2.49
2026-10-02,PRT,EUR,com.pustotin.zerobalance.food.galaxy_feast,0.79
2026-10-02,PRY,USD,com.pustotin.zerobalance.food.galaxy_feast,0.79
2026-10-02,QAT,QAR,com.pustotin.zerobalance.food.galaxy_feast,2.49
2026-10-02,ROU,RON,com.pustotin.zerobalance.food.galaxy_feast,2.49
2026-10-02,RUS,RUB,com.pustotin.zerobalance.food.galaxy_feast,30.0
2026-10-02,RWA,USD,com.pustotin.zerobalance.food.galaxy_feast,0.79
2026-10-02,SAU,SAR,com.pustotin.zerobalance.food.galaxy_feast,2.49
2026-10-02,SEN,USD,com.pustotin.zerobalance.food.galaxy_feast,0.79
2026-10-02,SGP,SGD,com.pustotin.zerobalance.food.galaxy_feast,0.9
2026-10-02,SLB,USD,com.pustotin.zerobalance.food.galaxy_feast,0.79
2026-10-02,SLE,USD,com.pustotin.zerobalance.food.galaxy_feast,0.79
2026-10-02,SLV,USD,com.pustotin.zerobalance.food.galaxy_feast,0.79
2026-10-02,SRB,EUR,com.pustotin.zerobalance.food.galaxy_feast,0.79
2026-10-02,STP,USD,com.pustotin.zerobalance.food.galaxy_feast,0.79
2026-10-02,SUR,USD,com.pustotin.zerobalance.food.galaxy_feast,0.79
2026-10-02,SVK,EUR,com.pustotin.zerobalance.food.galaxy_feast,0.79
2026-10-02,SVN,EUR,com.pustotin.zerobalance.food.galaxy_feast,0.79
2026-10-02,SWE,SEK,com.pustotin.zerobalance.food.galaxy_feast,8.0
2026-10-02,SWZ,USD,com.pustotin.zerobalance.food.galaxy_feast,0.79
2026-10-02,SYC,USD,com.pustotin.zerobalance.food.galaxy_feast,0.79
2026-10-02,TCA,USD,com.pustotin.zerobalance.food.galaxy_feast,0.79
2026-10-02,TCD,USD,com.pustotin.zerobalance.food.galaxy_feast,0.79
2026-10-02,THA,THB,com.pustotin.zerobalance.food.galaxy_feast,25.0
2026-10-02,TJK,USD,com.pustotin.zerobalance.food.galaxy_feast,0.79
2026-10-02,TKM,USD,com.pustotin.zerobalance.food.galaxy_feast,0.79
2026-10-02,TON,USD,com.pustotin.zerobalance.food.galaxy_feast,0.79
2026-10-02,TTO,USD,com.pustotin.zerobalance.food.galaxy_feast,0.79
2026-10-02,TUN,USD,com.pustotin.zerobalance.food.galaxy_feast,0.79
2026-10-02,TUR,TRY,com.pustotin.zerobalance.food.galaxy_feast,5.99
2026-10-02,TWN,TWD,com.pustotin.zerobalance.food.galaxy_feast,29
2026-10-02,TZA,TZS,com.pustotin.zerobalance.food.galaxy_feast,1000.0
2026-10-02,UGA,USD,com.pustotin.zerobalance.food.galaxy_feast,0.79
2026-10-02,UKR,USD,com.pustotin.zerobalance.food.galaxy_feast,0.79
2026-10-02,URY,USD,com.pustotin.zerobalance.food.galaxy_feast,0.79
2026-10-02,USA,USD,com.pustotin.zerobalance.food.galaxy_feast,0.79
2026-10-02,UZB,USD,com.pustotin.zerobalance.food.galaxy_feast,0.79
2026-10-02,VCT,USD,com.pustotin.zerobalance.food.galaxy_feast,0.79
2026-10-02,VEN,USD,com.pustotin.zerobalance.food.galaxy_feast,0.79
2026-10-02,VGB,USD,com.pustotin.zerobalance.food.galaxy_feast,0.79
2026-10-02,VNM,VND,com.pustotin.zerobalance.food.galaxy_feast,10000
2026-10-02,VUT,USD,com.pustotin.zerobalance.food.galaxy_feast,0.79
2026-10-02,XKS,EUR,com.pustotin.zerobalance.food.galaxy_feast,0.79
2026-10-02,YEM,USD,com.pustotin.zerobalance.food.galaxy_feast,0.79
2026-10-02,ZAF,ZAR,com.pustotin.zerobalance.food.galaxy_feast,7.99
2026-10-02,ZMB,USD,com.pustotin.zerobalance.food.galaxy_feast,0.79
2026-10-02,ZWE,USD,com.pustotin.zerobalance.food.galaxy_feast,0.79
2026-10-02,AFG,USD,com.pustotin.zerobalance.food.galaxy_hamper,9.99
2026-10-02,AGO,USD,com.pustotin.zerobalance.food.galaxy_hamper,9.99
2026-10-02,AIA,USD,com.pustotin.zerobalance.food.galaxy_hamper,9.99
2026-10-02,ALB,USD,com.pustotin.zerobalance.food.galaxy_hamper,9.99
2026-10-02,ARE,AED,com.pustotin.zerobalance.food.galaxy_hamper,37.99
2026-10-02,ARG,USD,com.pustotin.zerobalance.food.galaxy_hamper,9.99
2026-10-02,ARM,USD,com.pustotin.zerobalance.food.galaxy_hamper,9.99
2026-10-02,ATG,USD,com.pustotin.zerobalance.food.galaxy_hamper,9.99
2026-10-02,AUS,AUD,com.pustotin.zerobalance.food.galaxy_hamper,10.0
2026-10-02,AUT,EUR,com.pustotin.zerobalance.food.galaxy_hamper,9.99
2026-10-02,AZE,USD,com.pustotin.zerobalance.food.galaxy_hamper,9.99
2026-10-02,BEL,EUR,com.pustotin.zerobalance.food.galaxy_hamper,9.99
2026-10-02,BEN,USD,com.pustotin.zerobalance.food.galaxy_hamper,9.99
2026-10-02,BFA,USD,com.pustotin.zerobalance.food.galaxy_hamper,9.99
2026-10-02,BGR,EUR,com.pustotin.zerobalance.food.galaxy_hamper,9.99
2026-10-02,BHR,USD,com.pustotin.zerobalance.food.galaxy_hamper,9.99
2026-10-02,BHS,USD,com.pustotin.zerobalance.food.galaxy_hamper,9.99
2026-10-02,BIH,EUR,com.pustotin.zerobalance.food.galaxy_hamper,9.99
2026-10-02,BLR,USD,com.pustotin.zerobalance.food.galaxy_hamper,9.99
2026-10-02,BLZ,USD,com.pustotin.zerobalance.food.galaxy_hamper,9.99
2026-10-02,BMU,USD,com.pustotin.zerobalance.food.galaxy_hamper,9.99
2026-10-02,BOL,USD,com.pustotin.zerobalance.food.galaxy_hamper,9.99
2026-10-02,BRA,BRL,com.pustotin.zerobalance.food.galaxy_hamper,32.0
2026-10-02,BRB,USD,com.pustotin.zerobalance.food.galaxy_hamper,9.99
2026-10-02,BRN,USD,com.pustotin.zerobalance.food.galaxy_hamper,9.99
2026-10-02,BTN,USD,com.pustotin.zerobalance.food.galaxy_hamper,9.99
2026-10-02,BWA,USD,com.pustotin.zerobalance.food.galaxy_hamper,9.99
2026-10-02,CAN,CAD,com.pustotin.zerobalance.food.galaxy_hamper,9.99
2026-10-02,CHE,CHF,com.pustotin.zerobalance.food.galaxy_hamper,14.95
2026-10-02,CHL,CLP,com.pustotin.zerobalance.food.galaxy_hamper,6490
2026-10-02,CHN,CNY,com.pustotin.zerobalance.food.galaxy_hamper,57.0
2026-10-02,CIV,USD,com.pustotin.zerobalance.food.galaxy_hamper,9.99
2026-10-02,CMR,USD,com.pustotin.zerobalance.food.galaxy_hamper,9.99
2026-10-02,COD,USD,com.pustotin.zerobalance.food.galaxy_hamper,9.99
2026-10-02,COG,USD,com.pustotin.zerobalance.food.galaxy_hamper,9.99
2026-10-02,COL,COP,com.pustotin.zerobalance.food.galaxy_hamper,42900.0
2026-10-02,CPV,USD,com.pustotin.zerobalance.food.galaxy_hamper,9.99
2026-10-02,CRI,USD,com.pustotin.zerobalance.food.galaxy_hamper,9.99
2026-10-02,CYM,USD,com.pustotin.zerobalance.food.galaxy_hamper,9.99
2026-10-02,CYP,EUR,com.pustotin.zerobalance.food.galaxy_hamper,9.99
2026-10-02,CZE,CZK,com.pustotin.zerobalance.food.galaxy_hamper,250.0
2026-10-02,DEU,EUR,com.pustotin.zerobalance.food.galaxy_hamper,9.99
2026-10-02,DMA,USD,com.pustotin.zerobalance.food.galaxy_hamper,9.99
2026-10-02,DNK,DKK,com.pustotin.zerobalance.food.galaxy_hamper,199.0
2026-10-02,DOM,USD,com.pustotin.zerobalance.food.galaxy_hamper,9.99
2026-10-02,DZA,USD,com.pustotin.zerobalance.food.galaxy_hamper,9.99
2026-10-02,ECU,USD,com.pustotin.zerobalance.food.galaxy_hamper,9.99
2026-10-02,EGY,EGP,com.pustotin.zerobalance.food.galaxy_hamper,86.99
2026-10-02,ESP,EUR,com.pustotin.zerobalance.food.galaxy_hamper,9.99
2026-10-02,EST,EUR,com.pustotin.zerobalance.food.galaxy_hamper,9.99
2026-10-02,FIN,EUR,com.pustotin.zerobalance.food.galaxy_hamper,9.99
2026-10-02,FJI,USD,com.pustotin.zerobalance.food.galaxy_hamper,9.99
2026-10-02,FRA,EUR,com.pustotin.zerobalance.food.galaxy_hamper,9.99
2026-10-02,FSM,USD,com.pustotin.zerobalance.food.galaxy_hamper,9.99
2026-10-02,GAB,USD,com.pustotin.zerobalance.food.galaxy_hamper,9.99
2026-10-02,GBR,GBP,com.pustotin.zerobalance.food.galaxy_hamper,9.99
2026-10-02,GEO,USD,com.pustotin.zerobalance.food.galaxy_hamper,9.99
2026-10-02,GHA,USD,com.pustotin.zerobalance.food.galaxy_hamper,9.99
2026-10-02,GMB,USD,com.pustotin.zerobalance.food.galaxy_hamper,9.99
2026-10-02,GNB,USD,com.pustotin.zerobalance.food.galaxy_hamper,9.99
2026-10-02,GRC,EUR,com.pustotin.zerobalance.food.galaxy_hamper,9.99
2026-10-02,GRD,USD,com.pustotin.zerobalance.food.galaxy_hamper,9.99
2026-10-02,GTM,USD,com.pustotin.zerobalance.food.galaxy_hamper,9.99
2026-10-02,GUY,USD,com.pustotin.zerobalance.food.galaxy_hamper,9.99
2026-10-02,HKG,HKD,com.pustotin.zerobalance.food.galaxy_hamper,170.0
2026-10-02,HND,USD,com.pustotin.zerobalance.food.galaxy_hamper,9.99
2026-10-02,HRV,EUR,com.pustotin.zerobalance.food.galaxy_hamper,9.99
2026-10-02,HUN,HUF,com.pustotin.zerobalance.food.galaxy_hamper,4150
2026-10-02,IDN,IDR,com.pustotin.zerobalance.food.galaxy_hamper,91000
2026-10-02,IND,INR,com.pustotin.zerobalance.food.galaxy_hamper,429.0
2026-10-02,IRL,EUR,com.pustotin.zerobalance.food.galaxy_hamper,9.99
2026-10-02,IRQ,USD,com.pustotin.zerobalance.food.galaxy_hamper,9.99
2026-10-02,ISL,USD,com.pustotin.zerobalance.food.galaxy_hamper,9.99
2026-10-02,ISR,ILS,com.pustotin.zerobalance.food.galaxy_hamper,42.9
2026-10-02,ITA,EUR,com.pustotin.zerobalance.food.galaxy_hamper,9.99
2026-10-02,JAM,USD,com.pustotin.zerobalance.food.galaxy_hamper,9.99
2026-10-02,JOR,USD,com.pustotin.zerobalance.food.galaxy_hamper,9.99
2026-10-02,JPN,JPY,com.pustotin.zerobalance.food.galaxy_hamper,1310
2026-10-02,KAZ,KZT,com.pustotin.zerobalance.food.galaxy_hamper,1490.0
2026-10-02,KEN,USD,com.pustotin.zerobalance.food.galaxy_hamper,9.99
2026-10-02,KGZ,USD,com.pustotin.zerobalance.food.galaxy_hamper,9.99
2026-10-02,KHM,USD,com.pustotin.zerobalance.food.galaxy_hamper,9.99
2026-10-02,KNA,USD,com.pustotin.zerobalance.food.galaxy_hamper,9.99
2026-10-02,KOR,KRW,com.pustotin.zerobalance.food.galaxy_hamper,12000
2026-10-02,KWT,USD,com.pustotin.zerobalance.food.galaxy_hamper,9.99
2026-10-02,LAO,USD,com.pustotin.zerobalance.food.galaxy_hamper,9.99
2026-10-02,LBN,USD,com.pustotin.zerobalance.food.galaxy_hamper,9.99
2026-10-02,LBR,USD,com.pustotin.zerobalance.food.galaxy_hamper,9.99
2026-10-02,LBY,USD,com.pustotin.zerobalance.food.galaxy_hamper,9.99
2026-10-02,LCA,USD,com.pustotin.zerobalance.food.galaxy_hamper,9.99
2026-10-02,LKA,USD,com.pustotin.zerobalance.food.galaxy_hamper,9.99
2026-10-02,LTU,EUR,com.pustotin.zerobalance.food.galaxy_hamper,9.99
2026-10-02,LUX,EUR,com.pustotin.zerobalance.food.galaxy_hamper,9.99
2026-10-02,LVA,EUR,com.pustotin.zerobalance.food.galaxy_hamper,9.99
2026-10-02,MAC,USD,com.pustotin.zerobalance.food.galaxy_hamper,9.99
2026-10-02,MAR,USD,com.pustotin.zerobalance.food.galaxy_hamper,9.99
2026-10-02,MDA,USD,com.pustotin.zerobalance.food.galaxy_hamper,9.99
2026-10-02,MDG,USD,com.pustotin.zerobalance.food.galaxy_hamper,9.99
2026-10-02,MDV,USD,com.pustotin.zerobalance.food.galaxy_hamper,9.99
2026-10-02,MEX,MXN,com.pustotin.zerobalance.food.galaxy_hamper,131.0
2026-10-02,MKD,USD,com.pustotin.zerobalance.food.galaxy_hamper,9.99
2026-10-02,MLI,USD,com.pustotin.zerobalance.food.galaxy_hamper,9.99
2026-10-02,MLT,EUR,com.pustotin.zerobalance.food.galaxy_hamper,9.99
2026-10-02,MMR,USD,com.pustotin.zerobalance.food.galaxy_hamper,9.99
2026-10-02,MNE,EUR,com.pustotin.zerobalance.food.galaxy_hamper,9.99
2026-10-02,MNG,USD,com.pustotin.zerobalance.food.galaxy_hamper,9.99
2026-10-02,MOZ,USD,com.pustotin.zerobalance.food.galaxy_hamper,9.99
2026-10-02,MRT,USD,com.pustotin.zerobalance.food.galaxy_hamper,9.99
2026-10-02,MSR,USD,com.pustotin.zerobalance.food.galaxy_hamper,9.99
2026-10-02,MUS,USD,com.pustotin.zerobalance.food.galaxy_hamper,9.99
2026-10-02,MWI,USD,com.pustotin.zerobalance.food.galaxy_hamper,9.99
2026-10-02,MYS,MYR,com.pustotin.zerobalance.food.galaxy_hamper,35.5
2026-10-02,NAM,USD,com.pustotin.zerobalance.food.galaxy_hamper,9.99
2026-10-02,NER,USD,com.pustotin.zerobalance.food.galaxy_hamper,9.99
2026-10-02,NGA,NGN,com.pustotin.zerobalance.food.galaxy_hamper,4100.0
2026-10-02,NIC,USD,com.pustotin.zerobalance.food.galaxy_hamper,9.99
2026-10-02,NLD,EUR,com.pustotin.zerobalance.food.galaxy_hamper,9.99
2026-10-02,NOR,NOK,com.pustotin.zerobalance.food.galaxy_hamper,199.0
2026-10-02,NPL,USD,com.pustotin.zerobalance.food.galaxy_hamper,9.99
2026-10-02,NRU,USD,com.pustotin.zerobalance.food.galaxy_hamper,9.99
2026-10-02,NZL,NZD,com.pustotin.zerobalance.food.galaxy_hamper,10.0
2026-10-02,OMN,USD,com.pustotin.zerobalance.food.galaxy_hamper,9.99
2026-10-02,PAK,PKR,com.pustotin.zerobalance.food.galaxy_hamper,770.0
2026-10-02,PAN,USD,com.pustotin.zerobalance.food.galaxy_hamper,9.99
2026-10-02,PER,PEN,com.pustotin.zerobalance.food.galaxy_hamper,32.0
2026-10-02,PHL,PHP,com.pustotin.zerobalance.food.galaxy_hamper,425.0
2026-10-02,PLW,USD,com.pustotin.zerobalance.food.galaxy_hamper,9.99
2026-10-02,PNG,USD,com.pustotin.zerobalance.food.galaxy_hamper,9.99
2026-10-02,POL,PLN,com.pustotin.zerobalance.food.galaxy_hamper,41.49
2026-10-02,PRT,EUR,com.pustotin.zerobalance.food.galaxy_hamper,9.99
2026-10-02,PRY,USD,com.pustotin.zerobalance.food.galaxy_hamper,9.99
2026-10-02,QAT,QAR,com.pustotin.zerobalance.food.galaxy_hamper,37.99
2026-10-02,ROU,RON,com.pustotin.zerobalance.food.galaxy_hamper,41.49
2026-10-02,RUS,RUB,com.pustotin.zerobalance.food.galaxy_hamper,435.0
2026-10-02,RWA,USD,com.pustotin.zerobalance.food.galaxy_hamper,9.99
2026-10-02,SAU,SAR,com.pustotin.zerobalance.food.galaxy_hamper,37.99
2026-10-02,SEN,USD,com.pustotin.zerobalance.food.galaxy_hamper,9.99
2026-10-02,SGP,SGD,com.pustotin.zerobalance.food.galaxy_hamper,9.48
2026-10-02,SLB,USD,com.pustotin.zerobalance.food.galaxy_hamper,9.99
2026-10-02,SLE,USD,com.pustotin.zerobalance.food.galaxy_hamper,9.99
2026-10-02,SLV,USD,com.pustotin.zerobalance.food.galaxy_hamper,9.99
2026-10-02,SRB,EUR,com.pustotin.zerobalance.food.galaxy_hamper,9.99
2026-10-02,STP,USD,com.pustotin.zerobalance.food.galaxy_hamper,9.99
2026-10-02,SUR,USD,com.pustotin.zerobalance.food.galaxy_hamper,9.99
2026-10-02,SVK,EUR,com.pustotin.zerobalance.food.galaxy_hamper,9.99
2026-10-02,SVN,EUR,com.pustotin.zerobalance.food.galaxy_hamper,9.99
2026-10-02,SWE,SEK,com.pustotin.zerobalance.food.galaxy_hamper,199.0
2026-10-02,SWZ,USD,com.pustotin.zerobalance.food.galaxy_hamper,9.99
2026-10-02,SYC,USD,com.pustotin.zerobalance.food.galaxy_hamper,9.99
2026-10-02,TCA,USD,com.pustotin.zerobalance.food.galaxy_hamper,9.99
2026-10-02,TCD,USD,com.pustotin.zerobalance.food.galaxy_hamper,9.99
2026-10-02,THA,THB,com.pustotin.zerobalance.food.galaxy_hamper,425.0
2026-10-02,TJK,USD,com.pustotin.zerobalance.food.galaxy_hamper,9.99
2026-10-02,TKM,USD,com.pustotin.zerobalance.food.galaxy_hamper,9.99
2026-10-02,TON,USD,com.pustotin.zerobalance.food.galaxy_hamper,9.99
2026-10-02,TTO,USD,com.pustotin.zerobalance.food.galaxy_hamper,9.99
2026-10-02,TUN,USD,com.pustotin.zerobalance.food.galaxy_hamper,9.99
2026-10-02,TUR,TRY,com.pustotin.zerobalance.food.galaxy_hamper,86.99
2026-10-02,TWN,TWD,com.pustotin.zerobalance.food.galaxy_hamper,550
2026-10-02,TZA,TZS,com.pustotin.zerobalance.food.galaxy_hamper,13100.0
2026-10-02,UGA,USD,com.pustotin.zerobalance.food.galaxy_hamper,9.99
2026-10-02,UKR,USD,com.pustotin.zerobalance.food.galaxy_hamper,9.99
2026-10-02,URY,USD,com.pustotin.zerobalance.food.galaxy_hamper,9.99
2026-10-02,USA,USD,com.pustotin.zerobalance.food.galaxy_hamper,9.99
2026-10-02,UZB,USD,com.pustotin.zerobalance.food.galaxy_hamper,9.99
2026-10-02,VCT,USD,com.pustotin.zerobalance.food.galaxy_hamper,9.99
2026-10-02,VEN,USD,com.pustotin.zerobalance.food.galaxy_hamper,9.99
2026-10-02,VGB,USD,com.pustotin.zerobalance.food.galaxy_hamper,9.99
2026-10-02,VNM,VND,com.pustotin.zerobalance.food.galaxy_hamper,131000
2026-10-02,VUT,USD,com.pustotin.zerobalance.food.galaxy_hamper,9.99
2026-10-02,XKS,EUR,com.pustotin.zerobalance.food.galaxy_hamper,9.99
2026-10-02,YEM,USD,com.pustotin.zerobalance.food.galaxy_hamper,9.99
2026-10-02,ZAF,ZAR,com.pustotin.zerobalance.food.galaxy_hamper,100.0
2026-10-02,ZMB,USD,com.pustotin.zerobalance.food.galaxy_hamper,9.99
2026-10-02,ZWE,USD,com.pustotin.zerobalance.food.galaxy_hamper,9.99
2026-10-02,AFG,USD,com.pustotin.zerobalance.toy.giggle_bubble,1.09
2026-10-02,AGO,USD,com.pustotin.zerobalance.toy.giggle_bubble,1.09
2026-10-02,AIA,USD,com.pustotin.zerobalance.toy.giggle_bubble,1.09
2026-10-02,ALB,USD,com.pustotin.zerobalance.toy.giggle_bubble,1.09
2026-10-02,ARE,AED,com.pustotin.zerobalance.toy.giggle_bubble,4.0
2026-10-02,ARG,USD,com.pustotin.zerobalance.toy.giggle_bubble,1.09
2026-10-02,ARM,USD,com.pustotin.zerobalance.toy.giggle_bubble,1.09
2026-10-02,ATG,USD,com.pustotin.zerobalance.toy.giggle_bubble,1.09
2026-10-02,AUS,AUD,com.pustotin.zerobalance.toy.giggle_bubble,1.19
2026-10-02,AUT,EUR,com.pustotin.zerobalance.toy.giggle_bubble,1.09
2026-10-02,AZE,USD,com.pustotin.zerobalance.toy.giggle_bubble,1.09
2026-10-02,BEL,EUR,com.pustotin.zerobalance.toy.giggle_bubble,1.09
2026-10-02,BEN,USD,com.pustotin.zerobalance.toy.giggle_bubble,1.09
2026-10-02,BFA,USD,com.pustotin.zerobalance.toy.giggle_bubble,1.09
2026-10-02,BGR,EUR,com.pustotin.zerobalance.toy.giggle_bubble,1.09
2026-10-02,BHR,USD,com.pustotin.zerobalance.toy.giggle_bubble,1.09
2026-10-02,BHS,USD,com.pustotin.zerobalance.toy.giggle_bubble,1.09
2026-10-02,BIH,EUR,com.pustotin.zerobalance.toy.giggle_bubble,1.09
2026-10-02,BLR,USD,com.pustotin.zerobalance.toy.giggle_bubble,1.09
2026-10-02,BLZ,USD,com.pustotin.zerobalance.toy.giggle_bubble,1.09
2026-10-02,BMU,USD,com.pustotin.zerobalance.toy.giggle_bubble,1.09
2026-10-02,BOL,USD,com.pustotin.zerobalance.toy.giggle_bubble,1.09
2026-10-02,BRA,BRL,com.pustotin.zerobalance.toy.giggle_bubble,3.5
2026-10-02,BRB,USD,com.pustotin.zerobalance.toy.giggle_bubble,1.09
2026-10-02,BRN,USD,com.pustotin.zerobalance.toy.giggle_bubble,1.09
2026-10-02,BTN,USD,com.pustotin.zerobalance.toy.giggle_bubble,1.09
2026-10-02,BWA,USD,com.pustotin.zerobalance.toy.giggle_bubble,1.09
2026-10-02,CAN,CAD,com.pustotin.zerobalance.toy.giggle_bubble,1.09
2026-10-02,CHE,CHF,com.pustotin.zerobalance.toy.giggle_bubble,1.3
2026-10-02,CHL,CLP,com.pustotin.zerobalance.toy.giggle_bubble,700
2026-10-02,CHN,CNY,com.pustotin.zerobalance.toy.giggle_bubble,4.8
2026-10-02,CIV,USD,com.pustotin.zerobalance.toy.giggle_bubble,1.09
2026-10-02,CMR,USD,com.pustotin.zerobalance.toy.giggle_bubble,1.09
2026-10-02,COD,USD,com.pustotin.zerobalance.toy.giggle_bubble,1.09
2026-10-02,COG,USD,com.pustotin.zerobalance.toy.giggle_bubble,1.09
2026-10-02,COL,COP,com.pustotin.zerobalance.toy.giggle_bubble,4500.0
2026-10-02,CPV,USD,com.pustotin.zerobalance.toy.giggle_bubble,1.09
2026-10-02,CRI,USD,com.pustotin.zerobalance.toy.giggle_bubble,1.09
2026-10-02,CYM,USD,com.pustotin.zerobalance.toy.giggle_bubble,1.09
2026-10-02,CYP,EUR,com.pustotin.zerobalance.toy.giggle_bubble,1.09
2026-10-02,CZE,CZK,com.pustotin.zerobalance.toy.giggle_bubble,18.0
2026-10-02,DEU,EUR,com.pustotin.zerobalance.toy.giggle_bubble,1.09
2026-10-02,DMA,USD,com.pustotin.zerobalance.toy.giggle_bubble,1.09
2026-10-02,DNK,DKK,com.pustotin.zerobalance.toy.giggle_bubble,14.0
2026-10-02,DOM,USD,com.pustotin.zerobalance.toy.giggle_bubble,1.09
2026-10-02,DZA,USD,com.pustotin.zerobalance.toy.giggle_bubble,1.09
2026-10-02,ECU,USD,com.pustotin.zerobalance.toy.giggle_bubble,1.09
2026-10-02,EGY,EGP,com.pustotin.zerobalance.toy.giggle_bubble,9.99
2026-10-02,ESP,EUR,com.pustotin.zerobalance.toy.giggle_bubble,1.09
2026-10-02,EST,EUR,com.pustotin.zerobalance.toy.giggle_bubble,1.09
2026-10-02,FIN,EUR,com.pustotin.zerobalance.toy.giggle_bubble,1.09
2026-10-02,FJI,USD,com.pustotin.zerobalance.toy.giggle_bubble,1.09
2026-10-02,FRA,EUR,com.pustotin.zerobalance.toy.giggle_bubble,1.09
2026-10-02,FSM,USD,com.pustotin.zerobalance.toy.giggle_bubble,1.09
2026-10-02,GAB,USD,com.pustotin.zerobalance.toy.giggle_bubble,1.09
2026-10-02,GBR,GBP,com.pustotin.zerobalance.toy.giggle_bubble,1.09
2026-10-02,GEO,USD,com.pustotin.zerobalance.toy.giggle_bubble,1.09
2026-10-02,GHA,USD,com.pustotin.zerobalance.toy.giggle_bubble,1.09
2026-10-02,GMB,USD,com.pustotin.zerobalance.toy.giggle_bubble,1.09
2026-10-02,GNB,USD,com.pustotin.zerobalance.toy.giggle_bubble,1.09
2026-10-02,GRC,EUR,com.pustotin.zerobalance.toy.giggle_bubble,1.09
2026-10-02,GRD,USD,com.pustotin.zerobalance.toy.giggle_bubble,1.09
2026-10-02,GTM,USD,com.pustotin.zerobalance.toy.giggle_bubble,1.09
2026-10-02,GUY,USD,com.pustotin.zerobalance.toy.giggle_bubble,1.09
2026-10-02,HKG,HKD,com.pustotin.zerobalance.toy.giggle_bubble,13.0
2026-10-02,HND,USD,com.pustotin.zerobalance.toy.giggle_bubble,1.09
2026-10-02,HRV,EUR,com.pustotin.zerobalance.toy.giggle_bubble,1.09
2026-10-02,HUN,HUF,com.pustotin.zerobalance.toy.giggle_bubble,449
2026-10-02,IDN,IDR,com.pustotin.zerobalance.toy.giggle_bubble,8500
2026-10-02,IND,INR,com.pustotin.zerobalance.toy.giggle_bubble,45.0
2026-10-02,IRL,EUR,com.pustotin.zerobalance.toy.giggle_bubble,1.09
2026-10-02,IRQ,USD,com.pustotin.zerobalance.toy.giggle_bubble,1.09
2026-10-02,ISL,USD,com.pustotin.zerobalance.toy.giggle_bubble,1.09
2026-10-02,ISR,ILS,com.pustotin.zerobalance.toy.giggle_bubble,4.5
2026-10-02,ITA,EUR,com.pustotin.zerobalance.toy.giggle_bubble,1.09
2026-10-02,JAM,USD,com.pustotin.zerobalance.toy.giggle_bubble,1.09
2026-10-02,JOR,USD,com.pustotin.zerobalance.toy.giggle_bubble,1.09
2026-10-02,JPN,JPY,com.pustotin.zerobalance.toy.giggle_bubble,160
2026-10-02,KAZ,KZT,com.pustotin.zerobalance.toy.giggle_bubble,120.0
2026-10-02,KEN,USD,com.pustotin.zerobalance.toy.giggle_bubble,1.09
2026-10-02,KGZ,USD,com.pustotin.zerobalance.toy.giggle_bubble,1.09
2026-10-02,KHM,USD,com.pustotin.zerobalance.toy.giggle_bubble,1.09
2026-10-02,KNA,USD,com.pustotin.zerobalance.toy.giggle_bubble,1.09
2026-10-02,KOR,KRW,com.pustotin.zerobalance.toy.giggle_bubble,990
2026-10-02,KWT,USD,com.pustotin.zerobalance.toy.giggle_bubble,1.09
2026-10-02,LAO,USD,com.pustotin.zerobalance.toy.giggle_bubble,1.09
2026-10-02,LBN,USD,com.pustotin.zerobalance.toy.giggle_bubble,1.09
2026-10-02,LBR,USD,com.pustotin.zerobalance.toy.giggle_bubble,1.09
2026-10-02,LBY,USD,com.pustotin.zerobalance.toy.giggle_bubble,1.09
2026-10-02,LCA,USD,com.pustotin.zerobalance.toy.giggle_bubble,1.09
2026-10-02,LKA,USD,com.pustotin.zerobalance.toy.giggle_bubble,1.09
2026-10-02,LTU,EUR,com.pustotin.zerobalance.toy.giggle_bubble,1.09
2026-10-02,LUX,EUR,com.pustotin.zerobalance.toy.giggle_bubble,1.09
2026-10-02,LVA,EUR,com.pustotin.zerobalance.toy.giggle_bubble,1.09
2026-10-02,MAC,USD,com.pustotin.zerobalance.toy.giggle_bubble,1.09
2026-10-02,MAR,USD,com.pustotin.zerobalance.toy.giggle_bubble,1.09
2026-10-02,MDA,USD,com.pustotin.zerobalance.toy.giggle_bubble,1.09
2026-10-02,MDG,USD,com.pustotin.zerobalance.toy.giggle_bubble,1.09
2026-10-02,MDV,USD,com.pustotin.zerobalance.toy.giggle_bubble,1.09
2026-10-02,MEX,MXN,com.pustotin.zerobalance.toy.giggle_bubble,16.0
2026-10-02,MKD,USD,com.pustotin.zerobalance.toy.giggle_bubble,1.09
2026-10-02,MLI,USD,com.pustotin.zerobalance.toy.giggle_bubble,1.09
2026-10-02,MLT,EUR,com.pustotin.zerobalance.toy.giggle_bubble,1.09
2026-10-02,MMR,USD,com.pustotin.zerobalance.toy.giggle_bubble,1.09
2026-10-02,MNE,EUR,com.pustotin.zerobalance.toy.giggle_bubble,1.09
2026-10-02,MNG,USD,com.pustotin.zerobalance.toy.giggle_bubble,1.09
2026-10-02,MOZ,USD,com.pustotin.zerobalance.toy.giggle_bubble,1.09
2026-10-02,MRT,USD,com.pustotin.zerobalance.toy.giggle_bubble,1.09
2026-10-02,MSR,USD,com.pustotin.zerobalance.toy.giggle_bubble,1.09
2026-10-02,MUS,USD,com.pustotin.zerobalance.toy.giggle_bubble,1.09
2026-10-02,MWI,USD,com.pustotin.zerobalance.toy.giggle_bubble,1.09
2026-10-02,MYS,MYR,com.pustotin.zerobalance.toy.giggle_bubble,3.5
2026-10-02,NAM,USD,com.pustotin.zerobalance.toy.giggle_bubble,1.09
2026-10-02,NER,USD,com.pustotin.zerobalance.toy.giggle_bubble,1.09
2026-10-02,NGA,NGN,com.pustotin.zerobalance.toy.giggle_bubble,200.0
2026-10-02,NIC,USD,com.pustotin.zerobalance.toy.giggle_bubble,1.09
2026-10-02,NLD,EUR,com.pustotin.zerobalance.toy.giggle_bubble,1.09
2026-10-02,NOR,NOK,com.pustotin.zerobalance.toy.giggle_bubble,14.0
2026-10-02,NPL,USD,com.pustotin.zerobalance.toy.giggle_bubble,1.09
2026-10-02,NRU,USD,com.pustotin.zerobalance.toy.giggle_bubble,1.09
2026-10-02,NZL,NZD,com.pustotin.zerobalance.toy.giggle_bubble,1.19
2026-10-02,OMN,USD,com.pustotin.zerobalance.toy.giggle_bubble,1.09
2026-10-02,PAK,PKR,com.pustotin.zerobalance.toy.giggle_bubble,89.0
2026-10-02,PAN,USD,com.pustotin.zerobalance.toy.giggle_bubble,1.09
2026-10-02,PER,PEN,com.pustotin.zerobalance.toy.giggle_bubble,3.5
2026-10-02,PHL,PHP,com.pustotin.zerobalance.toy.giggle_bubble,45.0
2026-10-02,PLW,USD,com.pustotin.zerobalance.toy.giggle_bubble,1.09
2026-10-02,PNG,USD,com.pustotin.zerobalance.toy.giggle_bubble,1.09
2026-10-02,POL,PLN,com.pustotin.zerobalance.toy.giggle_bubble,4.49
2026-10-02,PRT,EUR,com.pustotin.zerobalance.toy.giggle_bubble,1.09
2026-10-02,PRY,USD,com.pustotin.zerobalance.toy.giggle_bubble,1.09
2026-10-02,QAT,QAR,com.pustotin.zerobalance.toy.giggle_bubble,4.0
2026-10-02,ROU,RON,com.pustotin.zerobalance.toy.giggle_bubble,4.49
2026-10-02,RUS,RUB,com.pustotin.zerobalance.toy.giggle_bubble,50.0
2026-10-02,RWA,USD,com.pustotin.zerobalance.toy.giggle_bubble,1.09
2026-10-02,SAU,SAR,com.pustotin.zerobalance.toy.giggle_bubble,4.0
2026-10-02,SEN,USD,com.pustotin.zerobalance.toy.giggle_bubble,1.09
2026-10-02,SGP,SGD,com.pustotin.zerobalance.toy.giggle_bubble,1.18
2026-10-02,SLB,USD,com.pustotin.zerobalance.toy.giggle_bubble,1.09
2026-10-02,SLE,USD,com.pustotin.zerobalance.toy.giggle_bubble,1.09
2026-10-02,SLV,USD,com.pustotin.zerobalance.toy.giggle_bubble,1.09
2026-10-02,SRB,EUR,com.pustotin.zerobalance.toy.giggle_bubble,1.09
2026-10-02,STP,USD,com.pustotin.zerobalance.toy.giggle_bubble,1.09
2026-10-02,SUR,USD,com.pustotin.zerobalance.toy.giggle_bubble,1.09
2026-10-02,SVK,EUR,com.pustotin.zerobalance.toy.giggle_bubble,1.09
2026-10-02,SVN,EUR,com.pustotin.zerobalance.toy.giggle_bubble,1.09
2026-10-02,SWE,SEK,com.pustotin.zerobalance.toy.giggle_bubble,14.0
2026-10-02,SWZ,USD,com.pustotin.zerobalance.toy.giggle_bubble,1.09
2026-10-02,SYC,USD,com.pustotin.zerobalance.toy.giggle_bubble,1.09
2026-10-02,TCA,USD,com.pustotin.zerobalance.toy.giggle_bubble,1.09
2026-10-02,TCD,USD,com.pustotin.zerobalance.toy.giggle_bubble,1.09
2026-10-02,THA,THB,com.pustotin.zerobalance.toy.giggle_bubble,45.0
2026-10-02,TJK,USD,com.pustotin.zerobalance.toy.giggle_bubble,1.09
2026-10-02,TKM,USD,com.pustotin.zerobalance.toy.giggle_bubble,1.09
2026-10-02,TON,USD,com.pustotin.zerobalance.toy.giggle_bubble,1.09
2026-10-02,TTO,USD,com.pustotin.zerobalance.toy.giggle_bubble,1.09
2026-10-02,TUN,USD,com.pustotin.zerobalance.toy.giggle_bubble,1.09
2026-10-02,TUR,TRY,com.pustotin.zerobalance.toy.giggle_bubble,9.99
2026-10-02,TWN,TWD,com.pustotin.zerobalance.toy.giggle_bubble,45
2026-10-02,TZA,TZS,com.pustotin.zerobalance.toy.giggle_bubble,1600.0
2026-10-02,UGA,USD,com.pustotin.zerobalance.toy.giggle_bubble,1.09
2026-10-02,UKR,USD,com.pustotin.zerobalance.toy.giggle_bubble,1.09
2026-10-02,URY,USD,com.pustotin.zerobalance.toy.giggle_bubble,1.09
2026-10-02,USA,USD,com.pustotin.zerobalance.toy.giggle_bubble,1.09
2026-10-02,UZB,USD,com.pustotin.zerobalance.toy.giggle_bubble,1.09
2026-10-02,VCT,USD,com.pustotin.zerobalance.toy.giggle_bubble,1.09
2026-10-02,VEN,USD,com.pustotin.zerobalance.toy.giggle_bubble,1.09
2026-10-02,VGB,USD,com.pustotin.zerobalance.toy.giggle_bubble,1.09
2026-10-02,VNM,VND,com.pustotin.zerobalance.toy.giggle_bubble,16000
2026-10-02,VUT,USD,com.pustotin.zerobalance.toy.giggle_bubble,1.09
2026-10-02,XKS,EUR,com.pustotin.zerobalance.toy.giggle_bubble,1.09
2026-10-02,YEM,USD,com.pustotin.zerobalance.toy.giggle_bubble,1.09
2026-10-02,ZAF,ZAR,com.pustotin.zerobalance.toy.giggle_bubble,11.99
2026-10-02,ZMB,USD,com.pustotin.zerobalance.toy.giggle_bubble,1.09
2026-10-02,ZWE,USD,com.pustotin.zerobalance.toy.giggle_bubble,1.09
2026-10-02,AFG,USD,com.pustotin.zerobalance.warmth.hearth_orb,1.0
2026-10-02,AGO,USD,com.pustotin.zerobalance.warmth.hearth_orb,1.0
2026-10-02,AIA,USD,com.pustotin.zerobalance.warmth.hearth_orb,1.0
2026-10-02,ALB,USD,com.pustotin.zerobalance.warmth.hearth_orb,1.0
2026-10-02,ARE,AED,com.pustotin.zerobalance.warmth.hearth_orb,3.99
2026-10-02,ARG,USD,com.pustotin.zerobalance.warmth.hearth_orb,1.0
2026-10-02,ARM,USD,com.pustotin.zerobalance.warmth.hearth_orb,1.0
2026-10-02,ATG,USD,com.pustotin.zerobalance.warmth.hearth_orb,1.0
2026-10-02,AUS,AUD,com.pustotin.zerobalance.warmth.hearth_orb,1.09
2026-10-02,AUT,EUR,com.pustotin.zerobalance.warmth.hearth_orb,1.0
2026-10-02,AZE,USD,com.pustotin.zerobalance.warmth.hearth_orb,1.0
2026-10-02,BEL,EUR,com.pustotin.zerobalance.warmth.hearth_orb,1.0
2026-10-02,BEN,USD,com.pustotin.zerobalance.warmth.hearth_orb,1.0
2026-10-02,BFA,USD,com.pustotin.zerobalance.warmth.hearth_orb,1.0
2026-10-02,BGR,EUR,com.pustotin.zerobalance.warmth.hearth_orb,1.0
2026-10-02,BHR,USD,com.pustotin.zerobalance.warmth.hearth_orb,1.0
2026-10-02,BHS,USD,com.pustotin.zerobalance.warmth.hearth_orb,1.0
2026-10-02,BIH,EUR,com.pustotin.zerobalance.warmth.hearth_orb,1.0
2026-10-02,BLR,USD,com.pustotin.zerobalance.warmth.hearth_orb,1.0
2026-10-02,BLZ,USD,com.pustotin.zerobalance.warmth.hearth_orb,1.0
2026-10-02,BMU,USD,com.pustotin.zerobalance.warmth.hearth_orb,1.0
2026-10-02,BOL,USD,com.pustotin.zerobalance.warmth.hearth_orb,1.0
2026-10-02,BRA,BRL,com.pustotin.zerobalance.warmth.hearth_orb,3.0
2026-10-02,BRB,USD,com.pustotin.zerobalance.warmth.hearth_orb,1.0
2026-10-02,BRN,USD,com.pustotin.zerobalance.warmth.hearth_orb,1.0
2026-10-02,BTN,USD,com.pustotin.zerobalance.warmth.hearth_orb,1.0
2026-10-02,BWA,USD,com.pustotin.zerobalance.warmth.hearth_orb,1.0
2026-10-02,CAN,CAD,com.pustotin.zerobalance.warmth.hearth_orb,1.0
2026-10-02,CHE,CHF,com.pustotin.zerobalance.warmth.hearth_orb,1.2
2026-10-02,CHL,CLP,com.pustotin.zerobalance.warmth.hearth_orb,690
2026-10-02,CHN,CNY,com.pustotin.zerobalance.warmth.hearth_orb,4.5
2026-10-02,CIV,USD,com.pustotin.zerobalance.warmth.hearth_orb,1.0
2026-10-02,CMR,USD,com.pustotin.zerobalance.warmth.hearth_orb,1.0
2026-10-02,COD,USD,com.pustotin.zerobalance.warmth.hearth_orb,1.0
2026-10-02,COG,USD,com.pustotin.zerobalance.warmth.hearth_orb,1.0
2026-10-02,COL,COP,com.pustotin.zerobalance.warmth.hearth_orb,4000.0
2026-10-02,CPV,USD,com.pustotin.zerobalance.warmth.hearth_orb,1.0
2026-10-02,CRI,USD,com.pustotin.zerobalance.warmth.hearth_orb,1.0
2026-10-02,CYM,USD,com.pustotin.zerobalance.warmth.hearth_orb,1.0
2026-10-02,CYP,EUR,com.pustotin.zerobalance.warmth.hearth_orb,1.0
2026-10-02,CZE,CZK,com.pustotin.zerobalance.warmth.hearth_orb,17.0
2026-10-02,DEU,EUR,com.pustotin.zerobalance.warmth.hearth_orb,1.0
2026-10-02,DMA,USD,com.pustotin.zerobalance.warmth.hearth_orb,1.0
2026-10-02,DNK,DKK,com.pustotin.zerobalance.warmth.hearth_orb,13.0
2026-10-02,DOM,USD,com.pustotin.zerobalance.warmth.hearth_orb,1.0
2026-10-02,DZA,USD,com.pustotin.zerobalance.warmth.hearth_orb,1.0
2026-10-02,ECU,USD,com.pustotin.zerobalance.warmth.hearth_orb,1.0
2026-10-02,EGY,EGP,com.pustotin.zerobalance.warmth.hearth_orb,9.9
2026-10-02,ESP,EUR,com.pustotin.zerobalance.warmth.hearth_orb,1.0
2026-10-02,EST,EUR,com.pustotin.zerobalance.warmth.hearth_orb,1.0
2026-10-02,FIN,EUR,com.pustotin.zerobalance.warmth.hearth_orb,1.0
2026-10-02,FJI,USD,com.pustotin.zerobalance.warmth.hearth_orb,1.0
2026-10-02,FRA,EUR,com.pustotin.zerobalance.warmth.hearth_orb,1.0
2026-10-02,FSM,USD,com.pustotin.zerobalance.warmth.hearth_orb,1.0
2026-10-02,GAB,USD,com.pustotin.zerobalance.warmth.hearth_orb,1.0
2026-10-02,GBR,GBP,com.pustotin.zerobalance.warmth.hearth_orb,1.0
2026-10-02,GEO,USD,com.pustotin.zerobalance.warmth.hearth_orb,1.0
2026-10-02,GHA,USD,com.pustotin.zerobalance.warmth.hearth_orb,1.0
2026-10-02,GMB,USD,com.pustotin.zerobalance.warmth.hearth_orb,1.0
2026-10-02,GNB,USD,com.pustotin.zerobalance.warmth.hearth_orb,1.0
2026-10-02,GRC,EUR,com.pustotin.zerobalance.warmth.hearth_orb,1.0
2026-10-02,GRD,USD,com.pustotin.zerobalance.warmth.hearth_orb,1.0
2026-10-02,GTM,USD,com.pustotin.zerobalance.warmth.hearth_orb,1.0
2026-10-02,GUY,USD,com.pustotin.zerobalance.warmth.hearth_orb,1.0
2026-10-02,HKG,HKD,com.pustotin.zerobalance.warmth.hearth_orb,12.0
2026-10-02,HND,USD,com.pustotin.zerobalance.warmth.hearth_orb,1.0
2026-10-02,HRV,EUR,com.pustotin.zerobalance.warmth.hearth_orb,1.0
2026-10-02,HUN,HUF,com.pustotin.zerobalance.warmth.hearth_orb,400
2026-10-02,IDN,IDR,com.pustotin.zerobalance.warmth.hearth_orb,8000
2026-10-02,IND,INR,com.pustotin.zerobalance.warmth.hearth_orb,40.0
2026-10-02,IRL,EUR,com.pustotin.zerobalance.warmth.hearth_orb,1.0
2026-10-02,IRQ,USD,com.pustotin.zerobalance.warmth.hearth_orb,1.0
2026-10-02,ISL,USD,com.pustotin.zerobalance.warmth.hearth_orb,1.0
2026-10-02,ISR,ILS,com.pustotin.zerobalance.warmth.hearth_orb,4.0
2026-10-02,ITA,EUR,com.pustotin.zerobalance.warmth.hearth_orb,1.0
2026-10-02,JAM,USD,com.pustotin.zerobalance.warmth.hearth_orb,1.0
2026-10-02,JOR,USD,com.pustotin.zerobalance.warmth.hearth_orb,1.0
2026-10-02,JPN,JPY,com.pustotin.zerobalance.warmth.hearth_orb,150
2026-10-02,KAZ,KZT,com.pustotin.zerobalance.warmth.hearth_orb,119.0
2026-10-02,KEN,USD,com.pustotin.zerobalance.warmth.hearth_orb,1.0
2026-10-02,KGZ,USD,com.pustotin.zerobalance.warmth.hearth_orb,1.0
2026-10-02,KHM,USD,com.pustotin.zerobalance.warmth.hearth_orb,1.0
2026-10-02,KNA,USD,com.pustotin.zerobalance.warmth.hearth_orb,1.0
2026-10-02,KOR,KRW,com.pustotin.zerobalance.warmth.hearth_orb,900
2026-10-02,KWT,USD,com.pustotin.zerobalance.warmth.hearth_orb,1.0
2026-10-02,LAO,USD,com.pustotin.zerobalance.warmth.hearth_orb,1.0
2026-10-02,LBN,USD,com.pustotin.zerobalance.warmth.hearth_orb,1.0
2026-10-02,LBR,USD,com.pustotin.zerobalance.warmth.hearth_orb,1.0
2026-10-02,LBY,USD,com.pustotin.zerobalance.warmth.hearth_orb,1.0
2026-10-02,LCA,USD,com.pustotin.zerobalance.warmth.hearth_orb,1.0
2026-10-02,LKA,USD,com.pustotin.zerobalance.warmth.hearth_orb,1.0
2026-10-02,LTU,EUR,com.pustotin.zerobalance.warmth.hearth_orb,1.0
2026-10-02,LUX,EUR,com.pustotin.zerobalance.warmth.hearth_orb,1.0
2026-10-02,LVA,EUR,com.pustotin.zerobalance.warmth.hearth_orb,1.0
2026-10-02,MAC,USD,com.pustotin.zerobalance.warmth.hearth_orb,1.0
2026-10-02,MAR,USD,com.pustotin.zerobalance.warmth.hearth_orb,1.0
2026-10-02,MDA,USD,com.pustotin.zerobalance.warmth.hearth_orb,1.0
2026-10-02,MDG,USD,com.pustotin.zerobalance.warmth.hearth_orb,1.0
2026-10-02,MDV,USD,com.pustotin.zerobalance.warmth.hearth_orb,1.0
2026-10-02,MEX,MXN,com.pustotin.zerobalance.warmth.hearth_orb,15.0
2026-10-02,MKD,USD,com.pustotin.zerobalance.warmth.hearth_orb,1.0
2026-10-02,MLI,USD,com.pustotin.zerobalance.warmth.hearth_orb,1.0
2026-10-02,MLT,EUR,com.pustotin.zerobalance.warmth.hearth_orb,1.0
2026-10-02,MMR,USD,com.pustotin.zerobalance.warmth.hearth_orb,1.0
2026-10-02,MNE,EUR,com.pustotin.zerobalance.warmth.hearth_orb,1.0
2026-10-02,MNG,USD,com.pustotin.zerobalance.warmth.hearth_orb,1.0
2026-10-02,MOZ,USD,com.pustotin.zerobalance.warmth.hearth_orb,1.0
2026-10-02,MRT,USD,com.pustotin.zerobalance.warmth.hearth_orb,1.0
2026-10-02,MSR,USD,com.pustotin.zerobalance.warmth.hearth_orb,1.0
2026-10-02,MUS,USD,com.pustotin.zerobalance.warmth.hearth_orb,1.0
2026-10-02,MWI,USD,com.pustotin.zerobalance.warmth.hearth_orb,1.0
2026-10-02,MYS,MYR,com.pustotin.zerobalance.warmth.hearth_orb,3.0
2026-10-02,NAM,USD,com.pustotin.zerobalance.warmth.hearth_orb,1.0
2026-10-02,NER,USD,com.pustotin.zerobalance.warmth.hearth_orb,1.0
2026-10-02,NGA,NGN,com.pustotin.zerobalance.warmth.hearth_orb,195.0
2026-10-02,NIC,USD,com.pustotin.zerobalance.warmth.hearth_orb,1.0
2026-10-02,NLD,EUR,com.pustotin.zerobalance.warmth.hearth_orb,1.0
2026-10-02,NOR,NOK,com.pustotin.zerobalance.warmth.hearth_orb,13.0
2026-10-02,NPL,USD,com.pustotin.zerobalance.warmth.hearth_orb,1.0
2026-10-02,NRU,USD,com.pustotin.zerobalance.warmth.hearth_orb,1.0
2026-10-02,NZL,NZD,com.pustotin.zerobalance.warmth.hearth_orb,1.09
2026-10-02,OMN,USD,com.pustotin.zerobalance.warmth.hearth_orb,1.0
2026-10-02,PAK,PKR,com.pustotin.zerobalance.warmth.hearth_orb,80.0
2026-10-02,PAN,USD,com.pustotin.zerobalance.warmth.hearth_orb,1.0
2026-10-02,PER,PEN,com.pustotin.zerobalance.warmth.hearth_orb,3.0
2026-10-02,PHL,PHP,com.pustotin.zerobalance.warmth.hearth_orb,40.0
2026-10-02,PLW,USD,com.pustotin.zerobalance.warmth.hearth_orb,1.0
2026-10-02,PNG,USD,com.pustotin.zerobalance.warmth.hearth_orb,1.0
2026-10-02,POL,PLN,com.pustotin.zerobalance.warmth.hearth_orb,4.0
2026-10-02,PRT,EUR,com.pustotin.zerobalance.warmth.hearth_orb,1.0
2026-10-02,PRY,USD,com.pustotin.zerobalance.warmth.hearth_orb,1.0
2026-10-02,QAT,QAR,com.pustotin.zerobalance.warmth.hearth_orb,3.99
2026-10-02,ROU,RON,com.pustotin.zerobalance.warmth.hearth_orb,4.0
2026-10-02,RUS,RUB,com.pustotin.zerobalance.warmth.hearth_orb,49.0
2026-10-02,RWA,USD,com.pustotin.zerobalance.warmth.hearth_orb,1.0
2026-10-02,SAU,SAR,com.pustotin.zerobalance.warmth.hearth_orb,3.99
2026-10-02,SEN,USD,com.pustotin.zerobalance.warmth.hearth_orb,1.0
2026-10-02,SGP,SGD,com.pustotin.zerobalance.warmth.hearth_orb,1.08
2026-10-02,SLB,USD,com.pustotin.zerobalance.warmth.hearth_orb,1.0
2026-10-02,SLE,USD,com.pustotin.zerobalance.warmth.hearth_orb,1.0
2026-10-02,SLV,USD,com.pustotin.zerobalance.warmth.hearth_orb,1.0
2026-10-02,SRB,EUR,com.pustotin.zerobalance.warmth.hearth_orb,1.0
2026-10-02,STP,USD,com.pustotin.zerobalance.warmth.hearth_orb,1.0
2026-10-02,SUR,USD,com.pustotin.zerobalance.warmth.hearth_orb,1.0
2026-10-02,SVK,EUR,com.pustotin.zerobalance.warmth.hearth_orb,1.0
2026-10-02,SVN,EUR,com.pustotin.zerobalance.warmth.hearth_orb,1.0
2026-10-02,SWE,SEK,com.pustotin.zerobalance.warmth.hearth_orb,13.0
2026-10-02,SWZ,USD,com.pustotin.zerobalance.warmth.hearth_orb,1.0
2026-10-02,SYC,USD,com.pustotin.zerobalance.warmth.hearth_orb,1.0
2026-10-02,TCA,USD,com.pustotin.zerobalance.warmth.hearth_orb,1.0
2026-10-02,TCD,USD,com.pustotin.zerobalance.warmth.hearth_orb,1.0
2026-10-02,THA,THB,com.pustotin.zerobalance.warmth.hearth_orb,40.0
2026-10-02,TJK,USD,com.pustotin.zerobalance.warmth.hearth_orb,1.0
2026-10-02,TKM,USD,com.pustotin.zerobalance.warmth.hearth_orb,1.0
2026-10-02,TON,USD,com.pustotin.zerobalance.warmth.hearth_orb,1.0
2026-10-02,TTO,USD,com.pustotin.zerobalance.warmth.hearth_orb,1.0
2026-10-02,TUN,USD,com.pustotin.zerobalance.warmth.hearth_orb,1.0
2026-10-02,TUR,TRY,com.pustotin.zerobalance.warmth.hearth_orb,9.9
2026-10-02,TWN,TWD,com.pustotin.zerobalance.warmth.hearth_orb,40
2026-10-02,TZA,TZS,com.pustotin.zerobalance.warmth.hearth_orb,1500.0
2026-10-02,UGA,USD,com.pustotin.zerobalance.warmth.hearth_orb,1.0
2026-10-02,UKR,USD,com.pustotin.zerobalance.warmth.hearth_orb,1.0
2026-10-02,URY,USD,com.pustotin.zerobalance.warmth.hearth_orb,1.0
2026-10-02,USA,USD,com.pustotin.zerobalance.warmth.hearth_orb,1.0
2026-10-02,UZB,USD,com.pustotin.zerobalance.warmth.hearth_orb,1.0
2026-10-02,VCT,USD,com.pustotin.zerobalance.warmth.hearth_orb,1.0
2026-10-02,VEN,USD,com.pustotin.zerobalance.warmth.hearth_orb,1.0
2026-10-02,VGB,USD,com.pustotin.zerobalance.warmth.hearth_orb,1.0
2026-10-02,VNM,VND,com.pustotin.zerobalance.warmth.hearth_orb,15000
2026-10-02,VUT,USD,com.pustotin.zerobalance.warmth.hearth_orb,1.0
2026-10-02,XKS,EUR,com.pustotin.zerobalance.warmth.hearth_orb,1.0
2026-10-02,YEM,USD,com.pustotin.zerobalance.warmth.hearth_orb,1.0
2026-10-02,ZAF,ZAR,com.pustotin.zerobalance.warmth.hearth_orb,10.99
2026-10-02,ZMB,USD,com.pustotin.zerobalance.warmth.hearth_orb,1.0
2026-10-02,ZWE,USD,com.pustotin.zerobalance.warmth.hearth_orb,1.0
2026-10-02,AFG,USD,com.pustotin.zerobalance.warmth.meteor_blanket,0.89
2026-10-02,AGO,USD,com.pustotin.zerobalance.warmth.meteor_blanket,0.89
2026-10-02,AIA,USD,com.pustotin.zerobalance.warmth.meteor_blanket,0.89
2026-10-02,ALB,USD,com.pustotin.zerobalance.warmth.meteor_blanket,0.89
2026-10-02,ARE,AED,com.pustotin.zerobalance.warmth.meteor_blanket,2.95
2026-10-02,ARG,USD,com.pustotin.zerobalance.warmth.meteor_blanket,0.89
2026-10-02,ARM,USD,com.pustotin.zerobalance.warmth.meteor_blanket,0.89
2026-10-02,ATG,USD,com.pustotin.zerobalance.warmth.meteor_blanket,0.89
2026-10-02,AUS,AUD,com.pustotin.zerobalance.warmth.meteor_blanket,0.9
2026-10-02,AUT,EUR,com.pustotin.zerobalance.warmth.meteor_blanket,0.89
2026-10-02,AZE,USD,com.pustotin.zerobalance.warmth.meteor_blanket,0.89
2026-10-02,BEL,EUR,com.pustotin.zerobalance.warmth.meteor_blanket,0.89
2026-10-02,BEN,USD,com.pustotin.zerobalance.warmth.meteor_blanket,0.89
2026-10-02,BFA,USD,com.pustotin.zerobalance.warmth.meteor_blanket,0.89
2026-10-02,BGR,EUR,com.pustotin.zerobalance.warmth.meteor_blanket,0.89
2026-10-02,BHR,USD,com.pustotin.zerobalance.warmth.meteor_blanket,0.89
2026-10-02,BHS,USD,com.pustotin.zerobalance.warmth.meteor_blanket,0.89
2026-10-02,BIH,EUR,com.pustotin.zerobalance.warmth.meteor_blanket,0.89
2026-10-02,BLR,USD,com.pustotin.zerobalance.warmth.meteor_blanket,0.89
2026-10-02,BLZ,USD,com.pustotin.zerobalance.warmth.meteor_blanket,0.89
2026-10-02,BMU,USD,com.pustotin.zerobalance.warmth.meteor_blanket,0.89
2026-10-02,BOL,USD,com.pustotin.zerobalance.warmth.meteor_blanket,0.89
2026-10-02,BRA,BRL,com.pustotin.zerobalance.warmth.meteor_blanket,2.0
2026-10-02,BRB,USD,com.pustotin.zerobalance.warmth.meteor_blanket,0.89
2026-10-02,BRN,USD,com.pustotin.zerobalance.warmth.meteor_blanket,0.89
2026-10-02,BTN,USD,com.pustotin.zerobalance.warmth.meteor_blanket,0.89
2026-10-02,BWA,USD,com.pustotin.zerobalance.warmth.meteor_blanket,0.89
2026-10-02,CAN,CAD,com.pustotin.zerobalance.warmth.meteor_blanket,0.89
2026-10-02,CHE,CHF,com.pustotin.zerobalance.warmth.meteor_blanket,0.9
2026-10-02,CHL,CLP,com.pustotin.zerobalance.warmth.meteor_blanket,490
2026-10-02,CHN,CNY,com.pustotin.zerobalance.warmth.meteor_blanket,3.0
2026-10-02,CIV,USD,com.pustotin.zerobalance.warmth.meteor_blanket,0.89
2026-10-02,CMR,USD,com.pustotin.zerobalance.warmth.meteor_blanket,0.89
2026-10-02,COD,USD,com.pustotin.zerobalance.warmth.meteor_blanket,0.89
2026-10-02,COG,USD,com.pustotin.zerobalance.warmth.meteor_blanket,0.89
2026-10-02,COL,COP,com.pustotin.zerobalance.warmth.meteor_blanket,2900.0
2026-10-02,CPV,USD,com.pustotin.zerobalance.warmth.meteor_blanket,0.89
2026-10-02,CRI,USD,com.pustotin.zerobalance.warmth.meteor_blanket,0.89
2026-10-02,CYM,USD,com.pustotin.zerobalance.warmth.meteor_blanket,0.89
2026-10-02,CYP,EUR,com.pustotin.zerobalance.warmth.meteor_blanket,0.89
2026-10-02,CZE,CZK,com.pustotin.zerobalance.warmth.meteor_blanket,14.0
2026-10-02,DEU,EUR,com.pustotin.zerobalance.warmth.meteor_blanket,0.89
2026-10-02,DMA,USD,com.pustotin.zerobalance.warmth.meteor_blanket,0.89
2026-10-02,DNK,DKK,com.pustotin.zerobalance.warmth.meteor_blanket,9.0
2026-10-02,DOM,USD,com.pustotin.zerobalance.warmth.meteor_blanket,0.89
2026-10-02,DZA,USD,com.pustotin.zerobalance.warmth.meteor_blanket,0.89
2026-10-02,ECU,USD,com.pustotin.zerobalance.warmth.meteor_blanket,0.89
2026-10-02,EGY,EGP,com.pustotin.zerobalance.warmth.meteor_blanket,6.99
2026-10-02,ESP,EUR,com.pustotin.zerobalance.warmth.meteor_blanket,0.89
2026-10-02,EST,EUR,com.pustotin.zerobalance.warmth.meteor_blanket,0.89
2026-10-02,FIN,EUR,com.pustotin.zerobalance.warmth.meteor_blanket,0.89
2026-10-02,FJI,USD,com.pustotin.zerobalance.warmth.meteor_blanket,0.89
2026-10-02,FRA,EUR,com.pustotin.zerobalance.warmth.meteor_blanket,0.89
2026-10-02,FSM,USD,com.pustotin.zerobalance.warmth.meteor_blanket,0.89
2026-10-02,GAB,USD,com.pustotin.zerobalance.warmth.meteor_blanket,0.89
2026-10-02,GBR,GBP,com.pustotin.zerobalance.warmth.meteor_blanket,0.89
2026-10-02,GEO,USD,com.pustotin.zerobalance.warmth.meteor_blanket,0.89
2026-10-02,GHA,USD,com.pustotin.zerobalance.warmth.meteor_blanket,0.89
2026-10-02,GMB,USD,com.pustotin.zerobalance.warmth.meteor_blanket,0.89
2026-10-02,GNB,USD,com.pustotin.zerobalance.warmth.meteor_blanket,0.89
2026-10-02,GRC,EUR,com.pustotin.zerobalance.warmth.meteor_blanket,0.89
2026-10-02,GRD,USD,com.pustotin.zerobalance.warmth.meteor_blanket,0.89
2026-10-02,GTM,USD,com.pustotin.zerobalance.warmth.meteor_blanket,0.89
2026-10-02,GUY,USD,com.pustotin.zerobalance.warmth.meteor_blanket,0.89
2026-10-02,HKG,HKD,com.pustotin.zerobalance.warmth.meteor_blanket,8.0
2026-10-02,HND,USD,com.pustotin.zerobalance.warmth.meteor_blanket,0.89
2026-10-02,HRV,EUR,com.pustotin.zerobalance.warmth.meteor_blanket,0.89
2026-10-02,HUN,HUF,com.pustotin.zerobalance.warmth.meteor_blanket,299
2026-10-02,IDN,IDR,com.pustotin.zerobalance.warmth.meteor_blanket,6000
2026-10-02,IND,INR,com.pustotin.zerobalance.warmth.meteor_blanket,29.0
2026-10-02,IRL,EUR,com.pustotin.zerobalance.warmth.meteor_blanket,0.89
2026-10-02,IRQ,USD,com.pustotin.zerobalance.warmth.meteor_blanket,0.89
2026-10-02,ISL,USD,com.pustotin.zerobalance.warmth.meteor_blanket,0.89
2026-10-02,ISR,ILS,com.pustotin.zerobalance.warmth.meteor_blanket,2.9
2026-10-02,ITA,EUR,com.pustotin.zerobalance.warmth.meteor_blanket,0.89
2026-10-02,JAM,USD,com.pustotin.zerobalance.warmth.meteor_blanket,0.89
2026-10-02,JOR,USD,com.pustotin.zerobalance.warmth.meteor_blanket,0.89
2026-10-02,JPN,JPY,com.pustotin.zerobalance.warmth.meteor_blanket,110
2026-10-02,KAZ,KZT,com.pustotin.zerobalance.warmth.meteor_blanket,99.0
2026-10-02,KEN,USD,com.pustotin.zerobalance.warmth.meteor_blanket,0.89
2026-10-02,KGZ,USD,com.pustotin.zerobalance.warmth.meteor_blanket,0.89
2026-10-02,KHM,USD,com.pustotin.zerobalance.warmth.meteor_blanket,0.89
2026-10-02,KNA,USD,com.pustotin.zerobalance.warmth.meteor_blanket,0.89
2026-10-02,KOR,KRW,com.pustotin.zerobalance.warmth.meteor_blanket,700
2026-10-02,KWT,USD,com.pustotin.zerobalance.warmth.meteor_blanket,0.89
2026-10-02,LAO,USD,com.pustotin.zerobalance.warmth.meteor_blanket,0.89
2026-10-02,LBN,USD,com.pustotin.zerobalance.warmth.meteor_blanket,0.89
2026-10-02,LBR,USD,com.pustotin.zerobalance.warmth.meteor_blanket,0.89
2026-10-02,LBY,USD,com.pustotin.zerobalance.warmth.meteor_blanket,0.89
2026-10-02,LCA,USD,com.pustotin.zerobalance.warmth.meteor_blanket,0.89
2026-10-02,LKA,USD,com.pustotin.zerobalance.warmth.meteor_blanket,0.89
2026-10-02,LTU,EUR,com.pustotin.zerobalance.warmth.meteor_blanket,0.89
2026-10-02,LUX,EUR,com.pustotin.zerobalance.warmth.meteor_blanket,0.89
2026-10-02,LVA,EUR,com.pustotin.zerobalance.warmth.meteor_blanket,0.89
2026-10-02,MAC,USD,com.pustotin.zerobalance.warmth.meteor_blanket,0.89
2026-10-02,MAR,USD,com.pustotin.zerobalance.warmth.meteor_blanket,0.89
2026-10-02,MDA,USD,com.pustotin.zerobalance.warmth.meteor_blanket,0.89
2026-10-02,MDG,USD,com.pustotin.zerobalance.warmth.meteor_blanket,0.89
2026-10-02,MDV,USD,com.pustotin.zerobalance.warmth.meteor_blanket,0.89
2026-10-02,MEX,MXN,com.pustotin.zerobalance.warmth.meteor_blanket,11.0
2026-10-02,MKD,USD,com.pustotin.zerobalance.warmth.meteor_blanket,0.89
2026-10-02,MLI,USD,com.pustotin.zerobalance.warmth.meteor_blanket,0.89
2026-10-02,MLT,EUR,com.pustotin.zerobalance.warmth.meteor_blanket,0.89
2026-10-02,MMR,USD,com.pustotin.zerobalance.warmth.meteor_blanket,0.89
2026-10-02,MNE,EUR,com.pustotin.zerobalance.warmth.meteor_blanket,0.89
2026-10-02,MNG,USD,com.pustotin.zerobalance.warmth.meteor_blanket,0.89
2026-10-02,MOZ,USD,com.pustotin.zerobalance.warmth.meteor_blanket,0.89
2026-10-02,MRT,USD,com.pustotin.zerobalance.warmth.meteor_blanket,0.89
2026-10-02,MSR,USD,com.pustotin.zerobalance.warmth.meteor_blanket,0.89
2026-10-02,MUS,USD,com.pustotin.zerobalance.warmth.meteor_blanket,0.89
2026-10-02,MWI,USD,com.pustotin.zerobalance.warmth.meteor_blanket,0.89
2026-10-02,MYS,MYR,com.pustotin.zerobalance.warmth.meteor_blanket,2.0
2026-10-02,NAM,USD,com.pustotin.zerobalance.warmth.meteor_blanket,0.89
2026-10-02,NER,USD,com.pustotin.zerobalance.warmth.meteor_blanket,0.89
2026-10-02,NGA,NGN,com.pustotin.zerobalance.warmth.meteor_blanket,160.0
2026-10-02,NIC,USD,com.pustotin.zerobalance.warmth.meteor_blanket,0.89
2026-10-02,NLD,EUR,com.pustotin.zerobalance.warmth.meteor_blanket,0.89
2026-10-02,NOR,NOK,com.pustotin.zerobalance.warmth.meteor_blanket,9.0
2026-10-02,NPL,USD,com.pustotin.zerobalance.warmth.meteor_blanket,0.89
2026-10-02,NRU,USD,com.pustotin.zerobalance.warmth.meteor_blanket,0.89
2026-10-02,NZL,NZD,com.pustotin.zerobalance.warmth.meteor_blanket,0.9
2026-10-02,OMN,USD,com.pustotin.zerobalance.warmth.meteor_blanket,0.89
2026-10-02,PAK,PKR,com.pustotin.zerobalance.warmth.meteor_blanket,60.0
2026-10-02,PAN,USD,com.pustotin.zerobalance.warmth.meteor_blanket,0.89
2026-10-02,PER,PEN,com.pustotin.zerobalance.warmth.meteor_blanket,2.0
2026-10-02,PHL,PHP,com.pustotin.zerobalance.warmth.meteor_blanket,29.0
2026-10-02,PLW,USD,com.pustotin.zerobalance.warmth.meteor_blanket,0.89
2026-10-02,PNG,USD,com.pustotin.zerobalance.warmth.meteor_blanket,0.89
2026-10-02,POL,PLN,com.pustotin.zerobalance.warmth.meteor_blanket,2.99
2026-10-02,PRT,EUR,com.pustotin.zerobalance.warmth.meteor_blanket,0.89
2026-10-02,PRY,USD,com.pustotin.zerobalance.warmth.meteor_blanket,0.89
2026-10-02,QAT,QAR,com.pustotin.zerobalance.warmth.meteor_blanket,2.95
2026-10-02,ROU,RON,com.pustotin.zerobalance.warmth.meteor_blanket,2.99
2026-10-02,RUS,RUB,com.pustotin.zerobalance.warmth.meteor_blanket,35.0
2026-10-02,RWA,USD,com.pustotin.zerobalance.warmth.meteor_blanket,0.89
2026-10-02,SAU,SAR,com.pustotin.zerobalance.warmth.meteor_blanket,2.95
2026-10-02,SEN,USD,com.pustotin.zerobalance.warmth.meteor_blanket,0.89
2026-10-02,SGP,SGD,com.pustotin.zerobalance.warmth.meteor_blanket,0.95
2026-10-02,SLB,USD,com.pustotin.zerobalance.warmth.meteor_blanket,0.89
2026-10-02,SLE,USD,com.pustotin.zerobalance.warmth.meteor_blanket,0.89
2026-10-02,SLV,USD,com.pustotin.zerobalance.warmth.meteor_blanket,0.89
2026-10-02,SRB,EUR,com.pustotin.zerobalance.warmth.meteor_blanket,0.89
2026-10-02,STP,USD,com.pustotin.zerobalance.warmth.meteor_blanket,0.89
2026-10-02,SUR,USD,com.pustotin.zerobalance.warmth.meteor_blanket,0.89
2026-10-02,SVK,EUR,com.pustotin.zerobalance.warmth.meteor_blanket,0.89
2026-10-02,SVN,EUR,com.pustotin.zerobalance.warmth.meteor_blanket,0.89
2026-10-02,SWE,SEK,com.pustotin.zerobalance.warmth.meteor_blanket,9.0
2026-10-02,SWZ,USD,com.pustotin.zerobalance.warmth.meteor_blanket,0.89
2026-10-02,SYC,USD,com.pustotin.zerobalance.warmth.meteor_blanket,0.89
2026-10-02,TCA,USD,com.pustotin.zerobalance.warmth.meteor_blanket,0.89
2026-10-02,TCD,USD,com.pustotin.zerobalance.warmth.meteor_blanket,0.89
2026-10-02,THA,THB,com.pustotin.zerobalance.warmth.meteor_blanket,29.0
2026-10-02,TJK,USD,com.pustotin.zerobalance.warmth.meteor_blanket,0.89
2026-10-02,TKM,USD,com.pustotin.zerobalance.warmth.meteor_blanket,0.89
2026-10-02,TON,USD,com.pustotin.zerobalance.warmth.meteor_blanket,0.89
2026-10-02,TTO,USD,com.pustotin.zerobalance.warmth.meteor_blanket,0.89
2026-10-02,TUN,USD,com.pustotin.zerobalance.warmth.meteor_blanket,0.89
2026-10-02,TUR,TRY,com.pustotin.zerobalance.warmth.meteor_blanket,6.99
2026-10-02,TWN,TWD,com.pustotin.zerobalance.warmth.meteor_blanket,30
2026-10-02,TZA,TZS,com.pustotin.zerobalance.warmth.meteor_blanket,1100.0
2026-10-02,UGA,USD,com.pustotin.zerobalance.warmth.meteor_blanket,0.89
2026-10-02,UKR,USD,com.pustotin.zerobalance.warmth.meteor_blanket,0.89
2026-10-02,URY,USD,com.pustotin.zerobalance.warmth.meteor_blanket,0.89
2026-10-02,USA,USD,com.pustotin.zerobalance.warmth.meteor_blanket,0.89
2026-10-02,UZB,USD,com.pustotin.zerobalance.warmth.meteor_blanket,0.89
2026-10-02,VCT,USD,com.pustotin.zerobalance.warmth.meteor_blanket,0.89
2026-10-02,VEN,USD,com.pustotin.zerobalance.warmth.meteor_blanket,0.89
2026-10-02,VGB,USD,com.pustotin.zerobalance.warmth.meteor_blanket,0.89
2026-10-02,VNM,VND,com.pustotin.zerobalance.warmth.meteor_blanket,11000
2026-10-02,VUT,USD,com.pustotin.zerobalance.warmth.meteor_blanket,0.89
2026-10-02,XKS,EUR,com.pustotin.zerobalance.warmth.meteor_blanket,0.89
2026-10-02,YEM,USD,com.pustotin.zerobalance.warmth.meteor_blanket,0.89
2026-10-02,ZAF,ZAR,com.pustotin.zerobalance.warmth.meteor_blanket,8.99
2026-10-02,ZMB,USD,com.pustotin.zerobalance.warmth.meteor_blanket,0.89
2026-10-02,ZWE,USD,com.pustotin.zerobalance.warmth.meteor_blanket,0.89
2026-10-02,AFG,USD,com.pustotin.zerobalance.toy.meteor_pop,1.19
2026-10-02,AGO,USD,com.pustotin.zerobalance.toy.meteor_pop,1.19
2026-10-02,AIA,USD,com.pustotin.zerobalance.toy.meteor_pop,1.19
2026-10-02,ALB,USD,com.pustotin.zerobalance.toy.meteor_pop,1.19
2026-10-02,ARE,AED,com.pustotin.zerobalance.toy.meteor_pop,4.49
2026-10-02,ARG,USD,com.pustotin.zerobalance.toy.meteor_pop,1.19
2026-10-02,ARM,USD,com.pustotin.zerobalance.toy.meteor_pop,1.19
2026-10-02,ATG,USD,com.pustotin.zerobalance.toy.meteor_pop,1.19
2026-10-02,AUS,AUD,com.pustotin.zerobalance.toy.meteor_pop,1.29
2026-10-02,AUT,EUR,com.pustotin.zerobalance.toy.meteor_pop,1.19
2026-10-02,AZE,USD,com.pustotin.zerobalance.toy.meteor_pop,1.19
2026-10-02,BEL,EUR,com.pustotin.zerobalance.toy.meteor_pop,1.19
2026-10-02,BEN,USD,com.pustotin.zerobalance.toy.meteor_pop,1.19
2026-10-02,BFA,USD,com.pustotin.zerobalance.toy.meteor_pop,1.19
2026-10-02,BGR,EUR,com.pustotin.zerobalance.toy.meteor_pop,1.19
2026-10-02,BHR,USD,com.pustotin.zerobalance.toy.meteor_pop,1.19
2026-10-02,BHS,USD,com.pustotin.zerobalance.toy.meteor_pop,1.19
2026-10-02,BIH,EUR,com.pustotin.zerobalance.toy.meteor_pop,1.19
2026-10-02,BLR,USD,com.pustotin.zerobalance.toy.meteor_pop,1.19
2026-10-02,BLZ,USD,com.pustotin.zerobalance.toy.meteor_pop,1.19
2026-10-02,BMU,USD,com.pustotin.zerobalance.toy.meteor_pop,1.19
2026-10-02,BOL,USD,com.pustotin.zerobalance.toy.meteor_pop,1.19
2026-10-02,BRA,BRL,com.pustotin.zerobalance.toy.meteor_pop,3.9
2026-10-02,BRB,USD,com.pustotin.zerobalance.toy.meteor_pop,1.19
2026-10-02,BRN,USD,com.pustotin.zerobalance.toy.meteor_pop,1.19
2026-10-02,BTN,USD,com.pustotin.zerobalance.toy.meteor_pop,1.19
2026-10-02,BWA,USD,com.pustotin.zerobalance.toy.meteor_pop,1.19
2026-10-02,CAN,CAD,com.pustotin.zerobalance.toy.meteor_pop,1.19
2026-10-02,CHE,CHF,com.pustotin.zerobalance.toy.meteor_pop,1.4
2026-10-02,CHL,CLP,com.pustotin.zerobalance.toy.meteor_pop,790
2026-10-02,CHN,CNY,com.pustotin.zerobalance.toy.meteor_pop,5.0
2026-10-02,CIV,USD,com.pustotin.zerobalance.toy.meteor_pop,1.19
2026-10-02,CMR,USD,com.pustotin.zerobalance.toy.meteor_pop,1.19
2026-10-02,COD,USD,com.pustotin.zerobalance.toy.meteor_pop,1.19
2026-10-02,COG,USD,com.pustotin.zerobalance.toy.meteor_pop,1.19
2026-10-02,COL,COP,com.pustotin.zerobalance.toy.meteor_pop,4900.0
2026-10-02,CPV,USD,com.pustotin.zerobalance.toy.meteor_pop,1.19
2026-10-02,CRI,USD,com.pustotin.zerobalance.toy.meteor_pop,1.19
2026-10-02,CYM,USD,com.pustotin.zerobalance.toy.meteor_pop,1.19
2026-10-02,CYP,EUR,com.pustotin.zerobalance.toy.meteor_pop,1.19
2026-10-02,CZE,CZK,com.pustotin.zerobalance.toy.meteor_pop,19.0
2026-10-02,DEU,EUR,com.pustotin.zerobalance.toy.meteor_pop,1.19
2026-10-02,DMA,USD,com.pustotin.zerobalance.toy.meteor_pop,1.19
2026-10-02,DNK,DKK,com.pustotin.zerobalance.toy.meteor_pop,15.0
2026-10-02,DOM,USD,com.pustotin.zerobalance.toy.meteor_pop,1.19
2026-10-02,DZA,USD,com.pustotin.zerobalance.toy.meteor_pop,1.19
2026-10-02,ECU,USD,com.pustotin.zerobalance.toy.meteor_pop,1.19
2026-10-02,EGY,EGP,com.pustotin.zerobalance.toy.meteor_pop,10.0
2026-10-02,ESP,EUR,com.pustotin.zerobalance.toy.meteor_pop,1.19
2026-10-02,EST,EUR,com.pustotin.zerobalance.toy.meteor_pop,1.19
2026-10-02,FIN,EUR,com.pustotin.zerobalance.toy.meteor_pop,1.19
2026-10-02,FJI,USD,com.pustotin.zerobalance.toy.meteor_pop,1.19
2026-10-02,FRA,EUR,com.pustotin.zerobalance.toy.meteor_pop,1.19
2026-10-02,FSM,USD,com.pustotin.zerobalance.toy.meteor_pop,1.19
2026-10-02,GAB,USD,com.pustotin.zerobalance.toy.meteor_pop,1.19
2026-10-02,GBR,GBP,com.pustotin.zerobalance.toy.meteor_pop,1.19
2026-10-02,GEO,USD,com.pustotin.zerobalance.toy.meteor_pop,1.19
2026-10-02,GHA,USD,com.pustotin.zerobalance.toy.meteor_pop,1.19
2026-10-02,GMB,USD,com.pustotin.zerobalance.toy.meteor_pop,1.19
2026-10-02,GNB,USD,com.pustotin.zerobalance.toy.meteor_pop,1.19
2026-10-02,GRC,EUR,com.pustotin.zerobalance.toy.meteor_pop,1.19
2026-10-02,GRD,USD,com.pustotin.zerobalance.toy.meteor_pop,1.19
2026-10-02,GTM,USD,com.pustotin.zerobalance.toy.meteor_pop,1.19
2026-10-02,GUY,USD,com.pustotin.zerobalance.toy.meteor_pop,1.19
2026-10-02,HKG,HKD,com.pustotin.zerobalance.toy.meteor_pop,14.0
2026-10-02,HND,USD,com.pustotin.zerobalance.toy.meteor_pop,1.19
2026-10-02,HRV,EUR,com.pustotin.zerobalance.toy.meteor_pop,1.19
2026-10-02,HUN,HUF,com.pustotin.zerobalance.toy.meteor_pop,499
2026-10-02,IDN,IDR,com.pustotin.zerobalance.toy.meteor_pop,9000
2026-10-02,IND,INR,com.pustotin.zerobalance.toy.meteor_pop,49.0
2026-10-02,IRL,EUR,com.pustotin.zerobalance.toy.meteor_pop,1.19
2026-10-02,IRQ,USD,com.pustotin.zerobalance.toy.meteor_pop,1.19
2026-10-02,ISL,USD,com.pustotin.zerobalance.toy.meteor_pop,1.19
2026-10-02,ISR,ILS,com.pustotin.zerobalance.toy.meteor_pop,4.9
2026-10-02,ITA,EUR,com.pustotin.zerobalance.toy.meteor_pop,1.19
2026-10-02,JAM,USD,com.pustotin.zerobalance.toy.meteor_pop,1.19
2026-10-02,JOR,USD,com.pustotin.zerobalance.toy.meteor_pop,1.19
2026-10-02,JPN,JPY,com.pustotin.zerobalance.toy.meteor_pop,170
2026-10-02,KAZ,KZT,com.pustotin.zerobalance.toy.meteor_pop,129.0
2026-10-02,KEN,USD,com.pustotin.zerobalance.toy.meteor_pop,1.19
2026-10-02,KGZ,USD,com.pustotin.zerobalance.toy.meteor_pop,1.19
2026-10-02,KHM,USD,com.pustotin.zerobalance.toy.meteor_pop,1.19
2026-10-02,KNA,USD,com.pustotin.zerobalance.toy.meteor_pop,1.19
2026-10-02,KOR,KRW,com.pustotin.zerobalance.toy.meteor_pop,1000
2026-10-02,KWT,USD,com.pustotin.zerobalance.toy.meteor_pop,1.19
2026-10-02,LAO,USD,com.pustotin.zerobalance.toy.meteor_pop,1.19
2026-10-02,LBN,USD,com.pustotin.zerobalance.toy.meteor_pop,1.19
2026-10-02,LBR,USD,com.pustotin.zerobalance.toy.meteor_pop,1.19
2026-10-02,LBY,USD,com.pustotin.zerobalance.toy.meteor_pop,1.19
2026-10-02,LCA,USD,com.pustotin.zerobalance.toy.meteor_pop,1.19
2026-10-02,LKA,USD,com.pustotin.zerobalance.toy.meteor_pop,1.19
2026-10-02,LTU,EUR,com.pustotin.zerobalance.toy.meteor_pop,1.19
2026-10-02,LUX,EUR,com.pustotin.zerobalance.toy.meteor_pop,1.19
2026-10-02,LVA,EUR,com.pustotin.zerobalance.toy.meteor_pop,1.19
2026-10-02,MAC,USD,com.pustotin.zerobalance.toy.meteor_pop,1.19
2026-10-02,MAR,USD,com.pustotin.zerobalance.toy.meteor_pop,1.19
2026-10-02,MDA,USD,com.pustotin.zerobalance.toy.meteor_pop,1.19
2026-10-02,MDG,USD,com.pustotin.zerobalance.toy.meteor_pop,1.19
2026-10-02,MDV,USD,com.pustotin.zerobalance.toy.meteor_pop,1.19
2026-10-02,MEX,MXN,com.pustotin.zerobalance.toy.meteor_pop,17.0
2026-10-02,MKD,USD,com.pustotin.zerobalance.toy.meteor_pop,1.19
2026-10-02,MLI,USD,com.pustotin.zerobalance.toy.meteor_pop,1.19
2026-10-02,MLT,EUR,com.pustotin.zerobalance.toy.meteor_pop,1.19
2026-10-02,MMR,USD,com.pustotin.zerobalance.toy.meteor_pop,1.19
2026-10-02,MNE,EUR,com.pustotin.zerobalance.toy.meteor_pop,1.19
2026-10-02,MNG,USD,com.pustotin.zerobalance.toy.meteor_pop,1.19
2026-10-02,MOZ,USD,com.pustotin.zerobalance.toy.meteor_pop,1.19
2026-10-02,MRT,USD,com.pustotin.zerobalance.toy.meteor_pop,1.19
2026-10-02,MSR,USD,com.pustotin.zerobalance.toy.meteor_pop,1.19
2026-10-02,MUS,USD,com.pustotin.zerobalance.toy.meteor_pop,1.19
2026-10-02,MWI,USD,com.pustotin.zerobalance.toy.meteor_pop,1.19
2026-10-02,MYS,MYR,com.pustotin.zerobalance.toy.meteor_pop,3.9
2026-10-02,NAM,USD,com.pustotin.zerobalance.toy.meteor_pop,1.19
2026-10-02,NER,USD,com.pustotin.zerobalance.toy.meteor_pop,1.19
2026-10-02,NGA,NGN,com.pustotin.zerobalance.toy.meteor_pop,210.0
2026-10-02,NIC,USD,com.pustotin.zerobalance.toy.meteor_pop,1.19
2026-10-02,NLD,EUR,com.pustotin.zerobalance.toy.meteor_pop,1.19
2026-10-02,NOR,NOK,com.pustotin.zerobalance.toy.meteor_pop,15.0
2026-10-02,NPL,USD,com.pustotin.zerobalance.toy.meteor_pop,1.19
2026-10-02,NRU,USD,com.pustotin.zerobalance.toy.meteor_pop,1.19
2026-10-02,NZL,NZD,com.pustotin.zerobalance.toy.meteor_pop,1.29
2026-10-02,OMN,USD,com.pustotin.zerobalance.toy.meteor_pop,1.19
2026-10-02,PAK,PKR,com.pustotin.zerobalance.toy.meteor_pop,90.0
2026-10-02,PAN,USD,com.pustotin.zerobalance.toy.meteor_pop,1.19
2026-10-02,PER,PEN,com.pustotin.zerobalance.toy.meteor_pop,3.9
2026-10-02,PHL,PHP,com.pustotin.zerobalance.toy.meteor_pop,49.0
2026-10-02,PLW,USD,com.pustotin.zerobalance.toy.meteor_pop,1.19
2026-10-02,PNG,USD,com.pustotin.zerobalance.toy.meteor_pop,1.19
2026-10-02,POL,PLN,com.pustotin.zerobalance.toy.meteor_pop,4.99
2026-10-02,PRT,EUR,com.pustotin.zerobalance.toy.meteor_pop,1.19
2026-10-02,PRY,USD,com.pustotin.zerobalance.toy.meteor_pop,1.19
2026-10-02,QAT,QAR,com.pustotin.zerobalance.toy.meteor_pop,4.49
2026-10-02,ROU,RON,com.pustotin.zerobalance.toy.meteor_pop,4.99
2026-10-02,RUS,RUB,com.pustotin.zerobalance.toy.meteor_pop,55.0
2026-10-02,RWA,USD,com.pustotin.zerobalance.toy.meteor_pop,1.19
2026-10-02,SAU,SAR,com.pustotin.zerobalance.toy.meteor_pop,4.49
2026-10-02,SEN,USD,com.pustotin.zerobalance.toy.meteor_pop,1.19
2026-10-02,SGP,SGD,com.pustotin.zerobalance.toy.meteor_pop,1.28
2026-10-02,SLB,USD,com.pustotin.zerobalance.toy.meteor_pop,1.19
2026-10-02,SLE,USD,com.pustotin.zerobalance.toy.meteor_pop,1.19
2026-10-02,SLV,USD,com.pustotin.zerobalance.toy.meteor_pop,1.19
2026-10-02,SRB,EUR,com.pustotin.zerobalance.toy.meteor_pop,1.19
2026-10-02,STP,USD,com.pustotin.zerobalance.toy.meteor_pop,1.19
2026-10-02,SUR,USD,com.pustotin.zerobalance.toy.meteor_pop,1.19
2026-10-02,SVK,EUR,com.pustotin.zerobalance.toy.meteor_pop,1.19
2026-10-02,SVN,EUR,com.pustotin.zerobalance.toy.meteor_pop,1.19
2026-10-02,SWE,SEK,com.pustotin.zerobalance.toy.meteor_pop,15.0
2026-10-02,SWZ,USD,com.pustotin.zerobalance.toy.meteor_pop,1.19
2026-10-02,SYC,USD,com.pustotin.zerobalance.toy.meteor_pop,1.19
2026-10-02,TCA,USD,com.pustotin.zerobalance.toy.meteor_pop,1.19
2026-10-02,TCD,USD,com.pustotin.zerobalance.toy.meteor_pop,1.19
2026-10-02,THA,THB,com.pustotin.zerobalance.toy.meteor_pop,49.0
2026-10-02,TJK,USD,com.pustotin.zerobalance.toy.meteor_pop,1.19
2026-10-02,TKM,USD,com.pustotin.zerobalance.toy.meteor_pop,1.19
2026-10-02,TON,USD,com.pustotin.zerobalance.toy.meteor_pop,1.19
2026-10-02,TTO,USD,com.pustotin.zerobalance.toy.meteor_pop,1.19
2026-10-02,TUN,USD,com.pustotin.zerobalance.toy.meteor_pop,1.19
2026-10-02,TUR,TRY,com.pustotin.zerobalance.toy.meteor_pop,10.0
2026-10-02,TWN,TWD,com.pustotin.zerobalance.toy.meteor_pop,49
2026-10-02,TZA,TZS,com.pustotin.zerobalance.toy.meteor_pop,1700.0
2026-10-02,UGA,USD,com.pustotin.zerobalance.toy.meteor_pop,1.19
2026-10-02,UKR,USD,com.pustotin.zerobalance.toy.meteor_pop,1.19
2026-10-02,URY,USD,com.pustotin.zerobalance.toy.meteor_pop,1.19
2026-10-02,USA,USD,com.pustotin.zerobalance.toy.meteor_pop,1.19
2026-10-02,UZB,USD,com.pustotin.zerobalance.toy.meteor_pop,1.19
2026-10-02,VCT,USD,com.pustotin.zerobalance.toy.meteor_pop,1.19
2026-10-02,VEN,USD,com.pustotin.zerobalance.toy.meteor_pop,1.19
2026-10-02,VGB,USD,com.pustotin.zerobalance.toy.meteor_pop,1.19
2026-10-02,VNM,VND,com.pustotin.zerobalance.toy.meteor_pop,17000
2026-10-02,VUT,USD,com.pustotin.zerobalance.toy.meteor_pop,1.19
2026-10-02,XKS,EUR,com.pustotin.zerobalance.toy.meteor_pop,1.19
2026-10-02,YEM,USD,com.pustotin.zerobalance.toy.meteor_pop,1.19
2026-10-02,ZAF,ZAR,com.pustotin.zerobalance.toy.meteor_pop,12.99
2026-10-02,ZMB,USD,com.pustotin.zerobalance.toy.meteor_pop,1.19
2026-10-02,ZWE,USD,com.pustotin.zerobalance.toy.meteor_pop,1.19
2026-10-02,AFG,USD,com.pustotin.zerobalance.food.moon_mochi,0.59
2026-10-02,AGO,USD,com.pustotin.zerobalance.food.moon_mochi,0.59
2026-10-02,AIA,USD,com.pustotin.zerobalance.food.moon_mochi,0.59
2026-10-02,ALB,USD,com.pustotin.zerobalance.food.moon_mochi,0.59
2026-10-02,ARE,AED,com.pustotin.zerobalance.food.moon_mochi,1.99
2026-10-02,ARG,USD,com.pustotin.zerobalance.food.moon_mochi,0.59
2026-10-02,ARM,USD,com.pustotin.zerobalance.food.moon_mochi,0.59
2026-10-02,ATG,USD,com.pustotin.zerobalance.food.moon_mochi,0.59
2026-10-02,AUS,AUD,com.pustotin.zerobalance.food.moon_mochi,0.69
2026-10-02,AUT,EUR,com.pustotin.zerobalance.food.moon_mochi,0.59
2026-10-02,AZE,USD,com.pustotin.zerobalance.food.moon_mochi,0.59
2026-10-02,BEL,EUR,com.pustotin.zerobalance.food.moon_mochi,0.59
2026-10-02,BEN,USD,com.pustotin.zerobalance.food.moon_mochi,0.59
2026-10-02,BFA,USD,com.pustotin.zerobalance.food.moon_mochi,0.59
2026-10-02,BGR,EUR,com.pustotin.zerobalance.food.moon_mochi,0.59
2026-10-02,BHR,USD,com.pustotin.zerobalance.food.moon_mochi,0.59
2026-10-02,BHS,USD,com.pustotin.zerobalance.food.moon_mochi,0.59
2026-10-02,BIH,EUR,com.pustotin.zerobalance.food.moon_mochi,0.59
2026-10-02,BLR,USD,com.pustotin.zerobalance.food.moon_mochi,0.59
2026-10-02,BLZ,USD,com.pustotin.zerobalance.food.moon_mochi,0.59
2026-10-02,BMU,USD,com.pustotin.zerobalance.food.moon_mochi,0.59
2026-10-02,BOL,USD,com.pustotin.zerobalance.food.moon_mochi,0.59
2026-10-02,BRA,BRL,com.pustotin.zerobalance.food.moon_mochi,1.5
2026-10-02,BRB,USD,com.pustotin.zerobalance.food.moon_mochi,0.59
2026-10-02,BRN,USD,com.pustotin.zerobalance.food.moon_mochi,0.59
2026-10-02,BTN,USD,com.pustotin.zerobalance.food.moon_mochi,0.59
2026-10-02,BWA,USD,com.pustotin.zerobalance.food.moon_mochi,0.59
2026-10-02,CAN,CAD,com.pustotin.zerobalance.food.moon_mochi,0.59
2026-10-02,CHE,CHF,com.pustotin.zerobalance.food.moon_mochi,0.6
2026-10-02,CHL,CLP,com.pustotin.zerobalance.food.moon_mochi,300
2026-10-02,CHN,CNY,com.pustotin.zerobalance.food.moon_mochi,2.0
2026-10-02,CIV,USD,com.pustotin.zerobalance.food.moon_mochi,0.59
2026-10-02,CMR,USD,com.pustotin.zerobalance.food.moon_mochi,0.59
2026-10-02,COD,USD,com.pustotin.zerobalance.food.moon_mochi,0.59
2026-10-02,COG,USD,com.pustotin.zerobalance.food.moon_mochi,0.59
2026-10-02,COL,COP,com.pustotin.zerobalance.food.moon_mochi,1900.0
2026-10-02,CPV,USD,com.pustotin.zerobalance.food.moon_mochi,0.59
2026-10-02,CRI,USD,com.pustotin.zerobalance.food.moon_mochi,0.59
2026-10-02,CYM,USD,com.pustotin.zerobalance.food.moon_mochi,0.59
2026-10-02,CYP,EUR,com.pustotin.zerobalance.food.moon_mochi,0.59
2026-10-02,CZE,CZK,com.pustotin.zerobalance.food.moon_mochi,11.0
2026-10-02,DEU,EUR,com.pustotin.zerobalance.food.moon_mochi,0.59
2026-10-02,DMA,USD,com.pustotin.zerobalance.food.moon_mochi,0.59
2026-10-02,DNK,DKK,com.pustotin.zerobalance.food.moon_mochi,6.0
2026-10-02,DOM,USD,com.pustotin.zerobalance.food.moon_mochi,0.59
2026-10-02,DZA,USD,com.pustotin.zerobalance.food.moon_mochi,0.59
2026-10-02,ECU,USD,com.pustotin.zerobalance.food.moon_mochi,0.59
2026-10-02,EGY,EGP,com.pustotin.zerobalance.food.moon_mochi,4.99
2026-10-02,ESP,EUR,com.pustotin.zerobalance.food.moon_mochi,0.59
2026-10-02,EST,EUR,com.pustotin.zerobalance.food.moon_mochi,0.59
2026-10-02,FIN,EUR,com.pustotin.zerobalance.food.moon_mochi,0.59
2026-10-02,FJI,USD,com.pustotin.zerobalance.food.moon_mochi,0.59
2026-10-02,FRA,EUR,com.pustotin.zerobalance.food.moon_mochi,0.59
2026-10-02,FSM,USD,com.pustotin.zerobalance.food.moon_mochi,0.59
2026-10-02,GAB,USD,com.pustotin.zerobalance.food.moon_mochi,0.59
2026-10-02,GBR,GBP,com.pustotin.zerobalance.food.moon_mochi,0.59
2026-10-02,GEO,USD,com.pustotin.zerobalance.food.moon_mochi,0.59
2026-10-02,GHA,USD,com.pustotin.zerobalance.food.moon_mochi,0.59
2026-10-02,GMB,USD,com.pustotin.zerobalance.food.moon_mochi,0.59
2026-10-02,GNB,USD,com.pustotin.zerobalance.food.moon_mochi,0.59
2026-10-02,GRC,EUR,com.pustotin.zerobalance.food.moon_mochi,0.59
2026-10-02,GRD,USD,com.pustotin.zerobalance.food.moon_mochi,0.59
2026-10-02,GTM,USD,com.pustotin.zerobalance.food.moon_mochi,0.59
2026-10-02,GUY,USD,com.pustotin.zerobalance.food.moon_mochi,0.59
2026-10-02,HKG,HKD,com.pustotin.zerobalance.food.moon_mochi,5.0
2026-10-02,HND,USD,com.pustotin.zerobalance.food.moon_mochi,0.59
2026-10-02,HRV,EUR,com.pustotin.zerobalance.food.moon_mochi,0.59
2026-10-02,HUN,HUF,com.pustotin.zerobalance.food.moon_mochi,199
2026-10-02,IDN,IDR,com.pustotin.zerobalance.food.moon_mochi,4500
2026-10-02,IND,INR,com.pustotin.zerobalance.food.moon_mochi,19.0
2026-10-02,IRL,EUR,com.pustotin.zerobalance.food.moon_mochi,0.59
2026-10-02,IRQ,USD,com.pustotin.zerobalance.food.moon_mochi,0.59
2026-10-02,ISL,USD,com.pustotin.zerobalance.food.moon_mochi,0.59
2026-10-02,ISR,ILS,com.pustotin.zerobalance.food.moon_mochi,1.9
2026-10-02,ITA,EUR,com.pustotin.zerobalance.food.moon_mochi,0.59
2026-10-02,JAM,USD,com.pustotin.zerobalance.food.moon_mochi,0.59
2026-10-02,JOR,USD,com.pustotin.zerobalance.food.moon_mochi,0.59
2026-10-02,JPN,JPY,com.pustotin.zerobalance.food.moon_mochi,80
2026-10-02,KAZ,KZT,com.pustotin.zerobalance.food.moon_mochi,80.0
2026-10-02,KEN,USD,com.pustotin.zerobalance.food.moon_mochi,0.59
2026-10-02,KGZ,USD,com.pustotin.zerobalance.food.moon_mochi,0.59
2026-10-02,KHM,USD,com.pustotin.zerobalance.food.moon_mochi,0.59
2026-10-02,KNA,USD,com.pustotin.zerobalance.food.moon_mochi,0.59
2026-10-02,KOR,KRW,com.pustotin.zerobalance.food.moon_mochi,550
2026-10-02,KWT,USD,com.pustotin.zerobalance.food.moon_mochi,0.59
2026-10-02,LAO,USD,com.pustotin.zerobalance.food.moon_mochi,0.59
2026-10-02,LBN,USD,com.pustotin.zerobalance.food.moon_mochi,0.59
2026-10-02,LBR,USD,com.pustotin.zerobalance.food.moon_mochi,0.59
2026-10-02,LBY,USD,com.pustotin.zerobalance.food.moon_mochi,0.59
2026-10-02,LCA,USD,com.pustotin.zerobalance.food.moon_mochi,0.59
2026-10-02,LKA,USD,com.pustotin.zerobalance.food.moon_mochi,0.59
2026-10-02,LTU,EUR,com.pustotin.zerobalance.food.moon_mochi,0.59
2026-10-02,LUX,EUR,com.pustotin.zerobalance.food.moon_mochi,0.59
2026-10-02,LVA,EUR,com.pustotin.zerobalance.food.moon_mochi,0.59
2026-10-02,MAC,USD,com.pustotin.zerobalance.food.moon_mochi,0.59
2026-10-02,MAR,USD,com.pustotin.zerobalance.food.moon_mochi,0.59
2026-10-02,MDA,USD,com.pustotin.zerobalance.food.moon_mochi,0.59
2026-10-02,MDG,USD,com.pustotin.zerobalance.food.moon_mochi,0.59
2026-10-02,MDV,USD,com.pustotin.zerobalance.food.moon_mochi,0.59
2026-10-02,MEX,MXN,com.pustotin.zerobalance.food.moon_mochi,8.0
2026-10-02,MKD,USD,com.pustotin.zerobalance.food.moon_mochi,0.59
2026-10-02,MLI,USD,com.pustotin.zerobalance.food.moon_mochi,0.59
2026-10-02,MLT,EUR,com.pustotin.zerobalance.food.moon_mochi,0.59
2026-10-02,MMR,USD,com.pustotin.zerobalance.food.moon_mochi,0.59
2026-10-02,MNE,EUR,com.pustotin.zerobalance.food.moon_mochi,0.59
2026-10-02,MNG,USD,com.pustotin.zerobalance.food.moon_mochi,0.59
2026-10-02,MOZ,USD,com.pustotin.zerobalance.food.moon_mochi,0.59
2026-10-02,MRT,USD,com.pustotin.zerobalance.food.moon_mochi,0.59
2026-10-02,MSR,USD,com.pustotin.zerobalance.food.moon_mochi,0.59
2026-10-02,MUS,USD,com.pustotin.zerobalance.food.moon_mochi,0.59
2026-10-02,MWI,USD,com.pustotin.zerobalance.food.moon_mochi,0.59
2026-10-02,MYS,MYR,com.pustotin.zerobalance.food.moon_mochi,1.5
2026-10-02,NAM,USD,com.pustotin.zerobalance.food.moon_mochi,0.59
2026-10-02,NER,USD,com.pustotin.zerobalance.food.moon_mochi,0.59
2026-10-02,NGA,NGN,com.pustotin.zerobalance.food.moon_mochi,130.0
2026-10-02,NIC,USD,com.pustotin.zerobalance.food.moon_mochi,0.59
2026-10-02,NLD,EUR,com.pustotin.zerobalance.food.moon_mochi,0.59
2026-10-02,NOR,NOK,com.pustotin.zerobalance.food.moon_mochi,6.0
2026-10-02,NPL,USD,com.pustotin.zerobalance.food.moon_mochi,0.59
2026-10-02,NRU,USD,com.pustotin.zerobalance.food.moon_mochi,0.59
2026-10-02,NZL,NZD,com.pustotin.zerobalance.food.moon_mochi,0.69
2026-10-02,OMN,USD,com.pustotin.zerobalance.food.moon_mochi,0.59
2026-10-02,PAK,PKR,com.pustotin.zerobalance.food.moon_mochi,49.0
2026-10-02,PAN,USD,com.pustotin.zerobalance.food.moon_mochi,0.59
2026-10-02,PER,PEN,com.pustotin.zerobalance.food.moon_mochi,1.5
2026-10-02,PHL,PHP,com.pustotin.zerobalance.food.moon_mochi,19.0
2026-10-02,PLW,USD,com.pustotin.zerobalance.food.moon_mochi,0.59
2026-10-02,PNG,USD,com.pustotin.zerobalance.food.moon_mochi,0.59
2026-10-02,POL,PLN,com.pustotin.zerobalance.food.moon_mochi,1.99
2026-10-02,PRT,EUR,com.pustotin.zerobalance.food.moon_mochi,0.59
2026-10-02,PRY,USD,com.pustotin.zerobalance.food.moon_mochi,0.59
2026-10-02,QAT,QAR,com.pustotin.zerobalance.food.moon_mochi,1.99
2026-10-02,ROU,RON,com.pustotin.zerobalance.food.moon_mochi,1.99
2026-10-02,RUS,RUB,com.pustotin.zerobalance.food.moon_mochi,25.0
2026-10-02,RWA,USD,com.pustotin.zerobalance.food.moon_mochi,0.59
2026-10-02,SAU,SAR,com.pustotin.zerobalance.food.moon_mochi,1.99
2026-10-02,SEN,USD,com.pustotin.zerobalance.food.moon_mochi,0.59
2026-10-02,SGP,SGD,com.pustotin.zerobalance.food.moon_mochi,0.78
2026-10-02,SLB,USD,com.pustotin.zerobalance.food.moon_mochi,0.59
2026-10-02,SLE,USD,com.pustotin.zerobalance.food.moon_mochi,0.59
2026-10-02,SLV,USD,com.pustotin.zerobalance.food.moon_mochi,0.59
2026-10-02,SRB,EUR,com.pustotin.zerobalance.food.moon_mochi,0.59
2026-10-02,STP,USD,com.pustotin.zerobalance.food.moon_mochi,0.59
2026-10-02,SUR,USD,com.pustotin.zerobalance.food.moon_mochi,0.59
2026-10-02,SVK,EUR,com.pustotin.zerobalance.food.moon_mochi,0.59
2026-10-02,SVN,EUR,com.pustotin.zerobalance.food.moon_mochi,0.59
2026-10-02,SWE,SEK,com.pustotin.zerobalance.food.moon_mochi,6.0
2026-10-02,SWZ,USD,com.pustotin.zerobalance.food.moon_mochi,0.59
2026-10-02,SYC,USD,com.pustotin.zerobalance.food.moon_mochi,0.59
2026-10-02,TCA,USD,com.pustotin.zerobalance.food.moon_mochi,0.59
2026-10-02,TCD,USD,com.pustotin.zerobalance.food.moon_mochi,0.59
2026-10-02,THA,THB,com.pustotin.zerobalance.food.moon_mochi,19.0
2026-10-02,TJK,USD,com.pustotin.zerobalance.food.moon_mochi,0.59
2026-10-02,TKM,USD,com.pustotin.zerobalance.food.moon_mochi,0.59
2026-10-02,TON,USD,com.pustotin.zerobalance.food.moon_mochi,0.59
2026-10-02,TTO,USD,com.pustotin.zerobalance.food.moon_mochi,0.59
2026-10-02,TUN,USD,com.pustotin.zerobalance.food.moon_mochi,0.59
2026-10-02,TUR,TRY,com.pustotin.zerobalance.food.moon_mochi,4.99
2026-10-02,TWN,TWD,com.pustotin.zerobalance.food.moon_mochi,20
2026-10-02,TZA,TZS,com.pustotin.zerobalance.food.moon_mochi,800.0
2026-10-02,UGA,USD,com.pustotin.zerobalance.food.moon_mochi,0.59
2026-10-02,UKR,USD,com.pustotin.zerobalance.food.moon_mochi,0.59
2026-10-02,URY,USD,com.pustotin.zerobalance.food.moon_mochi,0.59
2026-10-02,USA,USD,com.pustotin.zerobalance.food.moon_mochi,0.59
2026-10-02,UZB,USD,com.pustotin.zerobalance.food.moon_mochi,0.59
2026-10-02,VCT,USD,com.pustotin.zerobalance.food.moon_mochi,0.59
2026-10-02,VEN,USD,com.pustotin.zerobalance.food.moon_mochi,0.59
2026-10-02,VGB,USD,com.pustotin.zerobalance.food.moon_mochi,0.59
2026-10-02,VNM,VND,com.pustotin.zerobalance.food.moon_mochi,8000
2026-10-02,VUT,USD,com.pustotin.zerobalance.food.moon_mochi,0.59
2026-10-02,XKS,EUR,com.pustotin.zerobalance.food.moon_mochi,0.59
2026-10-02,YEM,USD,com.pustotin.zerobalance.food.moon_mochi,0.59
2026-10-02,ZAF,ZAR,com.pustotin.zerobalance.food.moon_mochi,5.99
2026-10-02,ZMB,USD,com.pustotin.zerobalance.food.moon_mochi,0.59
2026-10-02,ZWE,USD,com.pustotin.zerobalance.food.moon_mochi,0.59
2026-10-02,AFG,USD,com.pustotin.zerobalance.food.nebula_nibbles,0.39
2026-10-02,AGO,USD,com.pustotin.zerobalance.food.nebula_nibbles,0.39
2026-10-02,AIA,USD,com.pustotin.zerobalance.food.nebula_nibbles,0.39
2026-10-02,ALB,USD,com.pustotin.zerobalance.food.nebula_nibbles,0.39
2026-10-02,ARE,AED,com.pustotin.zerobalance.food.nebula_nibbles,1.0
2026-10-02,ARG,USD,com.pustotin.zerobalance.food.nebula_nibbles,0.39
2026-10-02,ARM,USD,com.pustotin.zerobalance.food.nebula_nibbles,0.39
2026-10-02,ATG,USD,com.pustotin.zerobalance.food.nebula_nibbles,0.39
2026-10-02,AUS,AUD,com.pustotin.zerobalance.food.nebula_nibbles,0.49
2026-10-02,AUT,EUR,com.pustotin.zerobalance.food.nebula_nibbles,0.39
2026-10-02,AZE,USD,com.pustotin.zerobalance.food.nebula_nibbles,0.39
2026-10-02,BEL,EUR,com.pustotin.zerobalance.food.nebula_nibbles,0.39
2026-10-02,BEN,USD,com.pustotin.zerobalance.food.nebula_nibbles,0.39
2026-10-02,BFA,USD,com.pustotin.zerobalance.food.nebula_nibbles,0.39
2026-10-02,BGR,EUR,com.pustotin.zerobalance.food.nebula_nibbles,0.39
2026-10-02,BHR,USD,com.pustotin.zerobalance.food.nebula_nibbles,0.39
2026-10-02,BHS,USD,com.pustotin.zerobalance.food.nebula_nibbles,0.39
2026-10-02,BIH,EUR,com.pustotin.zerobalance.food.nebula_nibbles,0.39
2026-10-02,BLR,USD,com.pustotin.zerobalance.food.nebula_nibbles,0.39
2026-10-02,BLZ,USD,com.pustotin.zerobalance.food.nebula_nibbles,0.39
2026-10-02,BMU,USD,com.pustotin.zerobalance.food.nebula_nibbles,0.39
2026-10-02,BOL,USD,com.pustotin.zerobalance.food.nebula_nibbles,0.39
2026-10-02,BRA,BRL,com.pustotin.zerobalance.food.nebula_nibbles,0.99
2026-10-02,BRB,USD,com.pustotin.zerobalance.food.nebula_nibbles,0.39
2026-10-02,BRN,USD,com.pustotin.zerobalance.food.nebula_nibbles,0.39
2026-10-02,BTN,USD,com.pustotin.zerobalance.food.nebula_nibbles,0.39
2026-10-02,BWA,USD,com.pustotin.zerobalance.food.nebula_nibbles,0.39
2026-10-02,CAN,CAD,com.pustotin.zerobalance.food.nebula_nibbles,0.39
2026-10-02,CHE,CHF,com.pustotin.zerobalance.food.nebula_nibbles,0.4
2026-10-02,CHL,CLP,com.pustotin.zerobalance.food.nebula_nibbles,200
2026-10-02,CHN,CNY,com.pustotin.zerobalance.food.nebula_nibbles,1.5
2026-10-02,CIV,USD,com.pustotin.zerobalance.food.nebula_nibbles,0.39
2026-10-02,CMR,USD,com.pustotin.zerobalance.food.nebula_nibbles,0.39
2026-10-02,COD,USD,com.pustotin.zerobalance.food.nebula_nibbles,0.39
2026-10-02,COG,USD,com.pustotin.zerobalance.food.nebula_nibbles,0.39
2026-10-02,COL,COP,com.pustotin.zerobalance.food.nebula_nibbles,1000.0
2026-10-02,CPV,USD,com.pustotin.zerobalance.food.nebula_nibbles,0.39
2026-10-02,CRI,USD,com.pustotin.zerobalance.food.nebula_nibbles,0.39
2026-10-02,CYM,USD,com.pustotin.zerobalance.food.nebula_nibbles,0.39
2026-10-02,CYP,EUR,com.pustotin.zerobalance.food.nebula_nibbles,0.39
2026-10-02,CZE,CZK,com.pustotin.zerobalance.food.nebula_nibbles,9.99
2026-10-02,DEU,EUR,com.pustotin.zerobalance.food.nebula_nibbles,0.39
2026-10-02,DMA,USD,com.pustotin.zerobalance.food.nebula_nibbles,0.39
2026-10-02,DNK,DKK,com.pustotin.zerobalance.food.nebula_nibbles,4.0
2026-10-02,DOM,USD,com.pustotin.zerobalance.food.nebula_nibbles,0.39
2026-10-02,DZA,USD,com.pustotin.zerobalance.food.nebula_nibbles,0.39
2026-10-02,ECU,USD,com.pustotin.zerobalance.food.nebula_nibbles,0.39
2026-10-02,EGY,EGP,com.pustotin.zerobalance.food.nebula_nibbles,3.99
2026-10-02,ESP,EUR,com.pustotin.zerobalance.food.nebula_nibbles,0.39
2026-10-02,EST,EUR,com.pustotin.zerobalance.food.nebula_nibbles,0.39
2026-10-02,FIN,EUR,com.pustotin.zerobalance.food.nebula_nibbles,0.39
2026-10-02,FJI,USD,com.pustotin.zerobalance.food.nebula_nibbles,0.39
2026-10-02,FRA,EUR,com.pustotin.zerobalance.food.nebula_nibbles,0.39
2026-10-02,FSM,USD,com.pustotin.zerobalance.food.nebula_nibbles,0.39
2026-10-02,GAB,USD,com.pustotin.zerobalance.food.nebula_nibbles,0.39
2026-10-02,GBR,GBP,com.pustotin.zerobalance.food.nebula_nibbles,0.39
2026-10-02,GEO,USD,com.pustotin.zerobalance.food.nebula_nibbles,0.39
2026-10-02,GHA,USD,com.pustotin.zerobalance.food.nebula_nibbles,0.39
2026-10-02,GMB,USD,com.pustotin.zerobalance.food.nebula_nibbles,0.39
2026-10-02,GNB,USD,com.pustotin.zerobalance.food.nebula_nibbles,0.39
2026-10-02,GRC,EUR,com.pustotin.zerobalance.food.nebula_nibbles,0.39
2026-10-02,GRD,USD,com.pustotin.zerobalance.food.nebula_nibbles,0.39
2026-10-02,GTM,USD,com.pustotin.zerobalance.food.nebula_nibbles,0.39
2026-10-02,GUY,USD,com.pustotin.zerobalance.food.nebula_nibbles,0.39
2026-10-02,HKG,HKD,com.pustotin.zerobalance.food.nebula_nibbles,3.0
2026-10-02,HND,USD,com.pustotin.zerobalance.food.nebula_nibbles,0.39
2026-10-02,HRV,EUR,com.pustotin.zerobalance.food.nebula_nibbles,0.39
2026-10-02,HUN,HUF,com.pustotin.zerobalance.food.nebula_nibbles,100
2026-10-02,IDN,IDR,com.pustotin.zerobalance.food.nebula_nibbles,3500
2026-10-02,IND,INR,com.pustotin.zerobalance.food.nebula_nibbles,10.0
2026-10-02,IRL,EUR,com.pustotin.zerobalance.food.nebula_nibbles,0.39
2026-10-02,IRQ,USD,com.pustotin.zerobalance.food.nebula_nibbles,0.39
2026-10-02,ISL,USD,com.pustotin.zerobalance.food.nebula_nibbles,0.39
2026-10-02,ISR,ILS,com.pustotin.zerobalance.food.nebula_nibbles,1.0
2026-10-02,ITA,EUR,com.pustotin.zerobalance.food.nebula_nibbles,0.39
2026-10-02,JAM,USD,com.pustotin.zerobalance.food.nebula_nibbles,0.39
2026-10-02,JOR,USD,com.pustotin.zerobalance.food.nebula_nibbles,0.39
2026-10-02,JPN,JPY,com.pustotin.zerobalance.food.nebula_nibbles,60
2026-10-02,KAZ,KZT,com.pustotin.zerobalance.food.nebula_nibbles,70.0
2026-10-02,KEN,USD,com.pustotin.zerobalance.food.nebula_nibbles,0.39
2026-10-02,KGZ,USD,com.pustotin.zerobalance.food.nebula_nibbles,0.39
2026-10-02,KHM,USD,com.pustotin.zerobalance.food.nebula_nibbles,0.39
2026-10-02,KNA,USD,com.pustotin.zerobalance.food.nebula_nibbles,0.39
2026-10-02,KOR,KRW,com.pustotin.zerobalance.food.nebula_nibbles,440
2026-10-02,KWT,USD,com.pustotin.zerobalance.food.nebula_nibbles,0.39
2026-10-02,LAO,USD,com.pustotin.zerobalance.food.nebula_nibbles,0.39
2026-10-02,LBN,USD,com.pustotin.zerobalance.food.nebula_nibbles,0.39
2026-10-02,LBR,USD,com.pustotin.zerobalance.food.nebula_nibbles,0.39
2026-10-02,LBY,USD,com.pustotin.zerobalance.food.nebula_nibbles,0.39
2026-10-02,LCA,USD,com.pustotin.zerobalance.food.nebula_nibbles,0.39
2026-10-02,LKA,USD,com.pustotin.zerobalance.food.nebula_nibbles,0.39
2026-10-02,LTU,EUR,com.pustotin.zerobalance.food.nebula_nibbles,0.39
2026-10-02,LUX,EUR,com.pustotin.zerobalance.food.nebula_nibbles,0.39
2026-10-02,LVA,EUR,com.pustotin.zerobalance.food.nebula_nibbles,0.39
2026-10-02,MAC,USD,com.pustotin.zerobalance.food.nebula_nibbles,0.39
2026-10-02,MAR,USD,com.pustotin.zerobalance.food.nebula_nibbles,0.39
2026-10-02,MDA,USD,com.pustotin.zerobalance.food.nebula_nibbles,0.39
2026-10-02,MDG,USD,com.pustotin.zerobalance.food.nebula_nibbles,0.39
2026-10-02,MDV,USD,com.pustotin.zerobalance.food.nebula_nibbles,0.39
2026-10-02,MEX,MXN,com.pustotin.zerobalance.food.nebula_nibbles,6.0
2026-10-02,MKD,USD,com.pustotin.zerobalance.food.nebula_nibbles,0.39
2026-10-02,MLI,USD,com.pustotin.zerobalance.food.nebula_nibbles,0.39
2026-10-02,MLT,EUR,com.pustotin.zerobalance.food.nebula_nibbles,0.39
2026-10-02,MMR,USD,com.pustotin.zerobalance.food.nebula_nibbles,0.39
2026-10-02,MNE,EUR,com.pustotin.zerobalance.food.nebula_nibbles,0.39
2026-10-02,MNG,USD,com.pustotin.zerobalance.food.nebula_nibbles,0.39
2026-10-02,MOZ,USD,com.pustotin.zerobalance.food.nebula_nibbles,0.39
2026-10-02,MRT,USD,com.pustotin.zerobalance.food.nebula_nibbles,0.39
2026-10-02,MSR,USD,com.pustotin.zerobalance.food.nebula_nibbles,0.39
2026-10-02,MUS,USD,com.pustotin.zerobalance.food.nebula_nibbles,0.39
2026-10-02,MWI,USD,com.pustotin.zerobalance.food.nebula_nibbles,0.39
2026-10-02,MYS,MYR,com.pustotin.zerobalance.food.nebula_nibbles,0.99
2026-10-02,NAM,USD,com.pustotin.zerobalance.food.nebula_nibbles,0.39
2026-10-02,NER,USD,com.pustotin.zerobalance.food.nebula_nibbles,0.39
2026-10-02,NGA,NGN,com.pustotin.zerobalance.food.nebula_nibbles,110.0
2026-10-02,NIC,USD,com.pustotin.zerobalance.food.nebula_nibbles,0.39
2026-10-02,NLD,EUR,com.pustotin.zerobalance.food.nebula_nibbles,0.39
2026-10-02,NOR,NOK,com.pustotin.zerobalance.food.nebula_nibbles,4.0
2026-10-02,NPL,USD,com.pustotin.zerobalance.food.nebula_nibbles,0.39
2026-10-02,NRU,USD,com.pustotin.zerobalance.food.nebula_nibbles,0.39
2026-10-02,NZL,NZD,com.pustotin.zerobalance.food.nebula_nibbles,0.49
2026-10-02,OMN,USD,com.pustotin.zerobalance.food.nebula_nibbles,0.39
2026-10-02,PAK,PKR,com.pustotin.zerobalance.food.nebula_nibbles,39.0
2026-10-02,PAN,USD,com.pustotin.zerobalance.food.nebula_nibbles,0.39
2026-10-02,PER,PEN,com.pustotin.zerobalance.food.nebula_nibbles,0.99
2026-10-02,PHL,PHP,com.pustotin.zerobalance.food.nebula_nibbles,10.0
2026-10-02,PLW,USD,com.pustotin.zerobalance.food.nebula_nibbles,0.39
2026-10-02,PNG,USD,com.pustotin.zerobalance.food.nebula_nibbles,0.39
2026-10-02,POL,PLN,com.pustotin.zerobalance.food.nebula_nibbles,1.0
2026-10-02,PRT,EUR,com.pustotin.zerobalance.food.nebula_nibbles,0.39
2026-10-02,PRY,USD,com.pustotin.zerobalance.food.nebula_nibbles,0.39
2026-10-02,QAT,QAR,com.pustotin.zerobalance.food.nebula_nibbles,1.0
2026-10-02,ROU,RON,com.pustotin.zerobalance.food.nebula_nibbles,1.0
2026-10-02,RUS,RUB,com.pustotin.zerobalance.food.nebula_nibbles,19.0
2026-10-02,RWA,USD,com.pustotin.zerobalance.food.nebula_nibbles,0.39
2026-10-02,SAU,SAR,com.pustotin.zerobalance.food.nebula_nibbles,1.0
2026-10-02,SEN,USD,com.pustotin.zerobalance.food.nebula_nibbles,0.39
2026-10-02,SGP,SGD,com.pustotin.zerobalance.food.nebula_nibbles,0.58
2026-10-02,SLB,USD,com.pustotin.zerobalance.food.nebula_nibbles,0.39
2026-10-02,SLE,USD,com.pustotin.zerobalance.food.nebula_nibbles,0.39
2026-10-02,SLV,USD,com.pustotin.zerobalance.food.nebula_nibbles,0.39
2026-10-02,SRB,EUR,com.pustotin.zerobalance.food.nebula_nibbles,0.39
2026-10-02,STP,USD,com.pustotin.zerobalance.food.nebula_nibbles,0.39
2026-10-02,SUR,USD,com.pustotin.zerobalance.food.nebula_nibbles,0.39
2026-10-02,SVK,EUR,com.pustotin.zerobalance.food.nebula_nibbles,0.39
2026-10-02,SVN,EUR,com.pustotin.zerobalance.food.nebula_nibbles,0.39
2026-10-02,SWE,SEK,com.pustotin.zerobalance.food.nebula_nibbles,4.0
2026-10-02,SWZ,USD,com.pustotin.zerobalance.food.nebula_nibbles,0.39
2026-10-02,SYC,USD,com.pustotin.zerobalance.food.nebula_nibbles,0.39
2026-10-02,TCA,USD,com.pustotin.zerobalance.food.nebula_nibbles,0.39
2026-10-02,TCD,USD,com.pustotin.zerobalance.food.nebula_nibbles,0.39
2026-10-02,THA,THB,com.pustotin.zerobalance.food.nebula_nibbles,10.0
2026-10-02,TJK,USD,com.pustotin.zerobalance.food.nebula_nibbles,0.39
2026-10-02,TKM,USD,com.pustotin.zerobalance.food.nebula_nibbles,0.39
2026-10-02,TON,USD,com.pustotin.zerobalance.food.nebula_nibbles,0.39
2026-10-02,TTO,USD,com.pustotin.zerobalance.food.nebula_nibbles,0.39
2026-10-02,TUN,USD,com.pustotin.zerobalance.food.nebula_nibbles,0.39
2026-10-02,TUR,TRY,com.pustotin.zerobalance.food.nebula_nibbles,3.99
2026-10-02,TWN,TWD,com.pustotin.zerobalance.food.nebula_nibbles,15
2026-10-02,TZA,TZS,com.pustotin.zerobalance.food.nebula_nibbles,600.0
2026-10-02,UGA,USD,com.pustotin.zerobalance.food.nebula_nibbles,0.39
2026-10-02,UKR,USD,com.pustotin.zerobalance.food.nebula_nibbles,0.39
2026-10-02,URY,USD,com.pustotin.zerobalance.food.nebula_nibbles,0.39
2026-10-02,USA,USD,com.pustotin.zerobalance.food.nebula_nibbles,0.39
2026-10-02,UZB,USD,com.pustotin.zerobalance.food.nebula_nibbles,0.39
2026-10-02,VCT,USD,com.pustotin.zerobalance.food.nebula_nibbles,0.39
2026-10-02,VEN,USD,com.pustotin.zerobalance.food.nebula_nibbles,0.39
2026-10-02,VGB,USD,com.pustotin.zerobalance.food.nebula_nibbles,0.39
2026-10-02,VNM,VND,com.pustotin.zerobalance.food.nebula_nibbles,6000
2026-10-02,VUT,USD,com.pustotin.zerobalance.food.nebula_nibbles,0.39
2026-10-02,XKS,EUR,com.pustotin.zerobalance.food.nebula_nibbles,0.39
2026-10-02,YEM,USD,com.pustotin.zerobalance.food.nebula_nibbles,0.39
2026-10-02,ZAF,ZAR,com.pustotin.zerobalance.food.nebula_nibbles,4.99
2026-10-02,ZMB,USD,com.pustotin.zerobalance.food.nebula_nibbles,0.39
2026-10-02,ZWE,USD,com.pustotin.zerobalance.food.nebula_nibbles,0.39
2026-10-02,AFG,USD,com.pustotin.zerobalance.clothing.solar_cape_2,1.79
2026-10-02,AGO,USD,com.pustotin.zerobalance.clothing.solar_cape_2,1.79
2026-10-02,AIA,USD,com.pustotin.zerobalance.clothing.solar_cape_2,1.79
2026-10-02,ALB,USD,com.pustotin.zerobalance.clothing.solar_cape_2,1.79
2026-10-02,ARE,AED,com.pustotin.zerobalance.clothing.solar_cape_2,6.0
2026-10-02,ARG,USD,com.pustotin.zerobalance.clothing.solar_cape_2,1.79
2026-10-02,ARM,USD,com.pustotin.zerobalance.clothing.solar_cape_2,1.79
2026-10-02,ATG,USD,com.pustotin.zerobalance.clothing.solar_cape_2,1.79
2026-10-02,AUS,AUD,com.pustotin.zerobalance.clothing.solar_cape_2,1.89
2026-10-02,AUT,EUR,com.pustotin.zerobalance.clothing.solar_cape_2,1.79
2026-10-02,AZE,USD,com.pustotin.zerobalance.clothing.solar_cape_2,1.79
2026-10-02,BEL,EUR,com.pustotin.zerobalance.clothing.solar_cape_2,1.79
2026-10-02,BEN,USD,com.pustotin.zerobalance.clothing.solar_cape_2,1.79
2026-10-02,BFA,USD,com.pustotin.zerobalance.clothing.solar_cape_2,1.79
2026-10-02,BGR,EUR,com.pustotin.zerobalance.clothing.solar_cape_2,1.79
2026-10-02,BHR,USD,com.pustotin.zerobalance.clothing.solar_cape_2,1.79
2026-10-02,BHS,USD,com.pustotin.zerobalance.clothing.solar_cape_2,1.79
2026-10-02,BIH,EUR,com.pustotin.zerobalance.clothing.solar_cape_2,1.79
2026-10-02,BLR,USD,com.pustotin.zerobalance.clothing.solar_cape_2,1.79
2026-10-02,BLZ,USD,com.pustotin.zerobalance.clothing.solar_cape_2,1.79
2026-10-02,BMU,USD,com.pustotin.zerobalance.clothing.solar_cape_2,1.79
2026-10-02,BOL,USD,com.pustotin.zerobalance.clothing.solar_cape_2,1.79
2026-10-02,BRA,BRL,com.pustotin.zerobalance.clothing.solar_cape_2,5.0
2026-10-02,BRB,USD,com.pustotin.zerobalance.clothing.solar_cape_2,1.79
2026-10-02,BRN,USD,com.pustotin.zerobalance.clothing.solar_cape_2,1.79
2026-10-02,BTN,USD,com.pustotin.zerobalance.clothing.solar_cape_2,1.79
2026-10-02,BWA,USD,com.pustotin.zerobalance.clothing.solar_cape_2,1.79
2026-10-02,CAN,CAD,com.pustotin.zerobalance.clothing.solar_cape_2,1.79
2026-10-02,CHE,CHF,com.pustotin.zerobalance.clothing.solar_cape_2,1.95
2026-10-02,CHL,CLP,com.pustotin.zerobalance.clothing.solar_cape_2,1090
2026-10-02,CHN,CNY,com.pustotin.zerobalance.clothing.solar_cape_2,7.0
2026-10-02,CIV,USD,com.pustotin.zerobalance.clothing.solar_cape_2,1.79
2026-10-02,CMR,USD,com.pustotin.zerobalance.clothing.solar_cape_2,1.79
2026-10-02,COD,USD,com.pustotin.zerobalance.clothing.solar_cape_2,1.79
2026-10-02,COG,USD,com.pustotin.zerobalance.clothing.solar_cape_2,1.79
2026-10-02,COL,COP,com.pustotin.zerobalance.clothing.solar_cape_2,6900.0
2026-10-02,CPV,USD,com.pustotin.zerobalance.clothing.solar_cape_2,1.79
2026-10-02,CRI,USD,com.pustotin.zerobalance.clothing.solar_cape_2,1.79
2026-10-02,CYM,USD,com.pustotin.zerobalance.clothing.solar_cape_2,1.79
2026-10-02,CYP,EUR,com.pustotin.zerobalance.clothing.solar_cape_2,1.79
2026-10-02,CZE,CZK,com.pustotin.zerobalance.clothing.solar_cape_2,24.0
2026-10-02,DEU,EUR,com.pustotin.zerobalance.clothing.solar_cape_2,1.79
2026-10-02,DMA,USD,com.pustotin.zerobalance.clothing.solar_cape_2,1.79
2026-10-02,DNK,DKK,com.pustotin.zerobalance.clothing.solar_cape_2,21.0
2026-10-02,DOM,USD,com.pustotin.zerobalance.clothing.solar_cape_2,1.79
2026-10-02,DZA,USD,com.pustotin.zerobalance.clothing.solar_cape_2,1.79
2026-10-02,ECU,USD,com.pustotin.zerobalance.clothing.solar_cape_2,1.79
2026-10-02,EGY,EGP,com.pustotin.zerobalance.clothing.solar_cape_2,14.99
2026-10-02,ESP,EUR,com.pustotin.zerobalance.clothing.solar_cape_2,1.79
2026-10-02,EST,EUR,com.pustotin.zerobalance.clothing.solar_cape_2,1.79
2026-10-02,FIN,EUR,com.pustotin.zerobalance.clothing.solar_cape_2,1.79
2026-10-02,FJI,USD,com.pustotin.zerobalance.clothing.solar_cape_2,1.79
2026-10-02,FRA,EUR,com.pustotin.zerobalance.clothing.solar_cape_2,1.79
2026-10-02,FSM,USD,com.pustotin.zerobalance.clothing.solar_cape_2,1.79
2026-10-02,GAB,USD,com.pustotin.zerobalance.clothing.solar_cape_2,1.79
2026-10-02,GBR,GBP,com.pustotin.zerobalance.clothing.solar_cape_2,1.79
2026-10-02,GEO,USD,com.pustotin.zerobalance.clothing.solar_cape_2,1.79
2026-10-02,GHA,USD,com.pustotin.zerobalance.clothing.solar_cape_2,1.79
2026-10-02,GMB,USD,com.pustotin.zerobalance.clothing.solar_cape_2,1.79
2026-10-02,GNB,USD,com.pustotin.zerobalance.clothing.solar_cape_2,1.79
2026-10-02,GRC,EUR,com.pustotin.zerobalance.clothing.solar_cape_2,1.79
2026-10-02,GRD,USD,com.pustotin.zerobalance.clothing.solar_cape_2,1.79
2026-10-02,GTM,USD,com.pustotin.zerobalance.clothing.solar_cape_2,1.79
2026-10-02,GUY,USD,com.pustotin.zerobalance.clothing.solar_cape_2,1.79
2026-10-02,HKG,HKD,com.pustotin.zerobalance.clothing.solar_cape_2,20.0
2026-10-02,HND,USD,com.pustotin.zerobalance.clothing.solar_cape_2,1.79
2026-10-02,HRV,EUR,com.pustotin.zerobalance.clothing.solar_cape_2,1.79
2026-10-02,HUN,HUF,com.pustotin.zerobalance.clothing.solar_cape_2,699
2026-10-02,IDN,IDR,com.pustotin.zerobalance.clothing.solar_cape_2,11500
2026-10-02,IND,INR,com.pustotin.zerobalance.clothing.solar_cape_2,69.0
2026-10-02,IRL,EUR,com.pustotin.zerobalance.clothing.solar_cape_2,1.79
2026-10-02,IRQ,USD,com.pustotin.zerobalance.clothing.solar_cape_2,1.79
2026-10-02,ISL,USD,com.pustotin.zerobalance.clothing.solar_cape_2,1.79
2026-10-02,ISR,ILS,com.pustotin.zerobalance.clothing.solar_cape_2,6.9
2026-10-02,ITA,EUR,com.pustotin.zerobalance.clothing.solar_cape_2,1.79
2026-10-02,JAM,USD,com.pustotin.zerobalance.clothing.solar_cape_2,1.79
2026-10-02,JOR,USD,com.pustotin.zerobalance.clothing.solar_cape_2,1.79
2026-10-02,JPN,JPY,com.pustotin.zerobalance.clothing.solar_cape_2,230
2026-10-02,KAZ,KZT,com.pustotin.zerobalance.clothing.solar_cape_2,159.0
2026-10-02,KEN,USD,com.pustotin.zerobalance.clothing.solar_cape_2,1.79
2026-10-02,KGZ,USD,com.pustotin.zerobalance.clothing.solar_cape_2,1.79
2026-10-02,KHM,USD,com.pustotin.zerobalance.clothing.solar_cape_2,1.79
2026-10-02,KNA,USD,com.pustotin.zerobalance.clothing.solar_cape_2,1.79
2026-10-02,KOR,KRW,com.pustotin.zerobalance.clothing.solar_cape_2,1500
2026-10-02,KWT,USD,com.pustotin.zerobalance.clothing.solar_cape_2,1.79
2026-10-02,LAO,USD,com.pustotin.zerobalance.clothing.solar_cape_2,1.79
2026-10-02,LBN,USD,com.pustotin.zerobalance.clothing.solar_cape_2,1.79
2026-10-02,LBR,USD,com.pustotin.zerobalance.clothing.solar_cape_2,1.79
2026-10-02,LBY,USD,com.pustotin.zerobalance.clothing.solar_cape_2,1.79
2026-10-02,LCA,USD,com.pustotin.zerobalance.clothing.solar_cape_2,1.79
2026-10-02,LKA,USD,com.pustotin.zerobalance.clothing.solar_cape_2,1.79
2026-10-02,LTU,EUR,com.pustotin.zerobalance.clothing.solar_cape_2,1.79
2026-10-02,LUX,EUR,com.pustotin.zerobalance.clothing.solar_cape_2,1.79
2026-10-02,LVA,EUR,com.pustotin.zerobalance.clothing.solar_cape_2,1.79
2026-10-02,MAC,USD,com.pustotin.zerobalance.clothing.solar_cape_2,1.79
2026-10-02,MAR,USD,com.pustotin.zerobalance.clothing.solar_cape_2,1.79
2026-10-02,MDA,USD,com.pustotin.zerobalance.clothing.solar_cape_2,1.79
2026-10-02,MDG,USD,com.pustotin.zerobalance.clothing.solar_cape_2,1.79
2026-10-02,MDV,USD,com.pustotin.zerobalance.clothing.solar_cape_2,1.79
2026-10-02,MEX,MXN,com.pustotin.zerobalance.clothing.solar_cape_2,23.0
2026-10-02,MKD,USD,com.pustotin.zerobalance.clothing.solar_cape_2,1.79
2026-10-02,MLI,USD,com.pustotin.zerobalance.clothing.solar_cape_2,1.79
2026-10-02,MLT,EUR,com.pustotin.zerobalance.clothing.solar_cape_2,1.79
2026-10-02,MMR,USD,com.pustotin.zerobalance.clothing.solar_cape_2,1.79
2026-10-02,MNE,EUR,com.pustotin.zerobalance.clothing.solar_cape_2,1.79
2026-10-02,MNG,USD,com.pustotin.zerobalance.clothing.solar_cape_2,1.79
2026-10-02,MOZ,USD,com.pustotin.zerobalance.clothing.solar_cape_2,1.79
2026-10-02,MRT,USD,com.pustotin.zerobalance.clothing.solar_cape_2,1.79
2026-10-02,MSR,USD,com.pustotin.zerobalance.clothing.solar_cape_2,1.79
2026-10-02,MUS,USD,com.pustotin.zerobalance.clothing.solar_cape_2,1.79
2026-10-02,MWI,USD,com.pustotin.zerobalance.clothing.solar_cape_2,1.79
2026-10-02,MYS,MYR,com.pustotin.zerobalance.clothing.solar_cape_2,5.0
2026-10-02,NAM,USD,com.pustotin.zerobalance.clothing.solar_cape_2,1.79
2026-10-02,NER,USD,com.pustotin.zerobalance.clothing.solar_cape_2,1.79
2026-10-02,NGA,NGN,com.pustotin.zerobalance.clothing.solar_cape_2,270.0
2026-10-02,NIC,USD,com.pustotin.zerobalance.clothing.solar_cape_2,1.79
2026-10-02,NLD,EUR,com.pustotin.zerobalance.clothing.solar_cape_2,1.79
2026-10-02,NOR,NOK,com.pustotin.zerobalance.clothing.solar_cape_2,21.0
2026-10-02,NPL,USD,com.pustotin.zerobalance.clothing.solar_cape_2,1.79
2026-10-02,NRU,USD,com.pustotin.zerobalance.clothing.solar_cape_2,1.79
2026-10-02,NZL,NZD,com.pustotin.zerobalance.clothing.solar_cape_2,1.89
2026-10-02,OMN,USD,com.pustotin.zerobalance.clothing.solar_cape_2,1.79
2026-10-02,PAK,PKR,com.pustotin.zerobalance.clothing.solar_cape_2,120.0
2026-10-02,PAN,USD,com.pustotin.zerobalance.clothing.solar_cape_2,1.79
2026-10-02,PER,PEN,com.pustotin.zerobalance.clothing.solar_cape_2,5.0
2026-10-02,PHL,PHP,com.pustotin.zerobalance.clothing.solar_cape_2,69.0
2026-10-02,PLW,USD,com.pustotin.zerobalance.clothing.solar_cape_2,1.79
2026-10-02,PNG,USD,com.pustotin.zerobalance.clothing.solar_cape_2,1.79
2026-10-02,POL,PLN,com.pustotin.zerobalance.clothing.solar_cape_2,6.99
2026-10-02,PRT,EUR,com.pustotin.zerobalance.clothing.solar_cape_2,1.79
2026-10-02,PRY,USD,com.pustotin.zerobalance.clothing.solar_cape_2,1.79
2026-10-02,QAT,QAR,com.pustotin.zerobalance.clothing.solar_cape_2,6.0
2026-10-02,ROU,RON,com.pustotin.zerobalance.clothing.solar_cape_2,6.99
2026-10-02,RUS,RUB,com.pustotin.zerobalance.clothing.solar_cape_2,75.0
2026-10-02,RWA,USD,com.pustotin.zerobalance.clothing.solar_cape_2,1.79
2026-10-02,SAU,SAR,com.pustotin.zerobalance.clothing.solar_cape_2,6.0
2026-10-02,SEN,USD,com.pustotin.zerobalance.clothing.solar_cape_2,1.79
2026-10-02,SGP,SGD,com.pustotin.zerobalance.clothing.solar_cape_2,1.88
2026-10-02,SLB,USD,com.pustotin.zerobalance.clothing.solar_cape_2,1.79
2026-10-02,SLE,USD,com.pustotin.zerobalance.clothing.solar_cape_2,1.79
2026-10-02,SLV,USD,com.pustotin.zerobalance.clothing.solar_cape_2,1.79
2026-10-02,SRB,EUR,com.pustotin.zerobalance.clothing.solar_cape_2,1.79
2026-10-02,STP,USD,com.pustotin.zerobalance.clothing.solar_cape_2,1.79
2026-10-02,SUR,USD,com.pustotin.zerobalance.clothing.solar_cape_2,1.79
2026-10-02,SVK,EUR,com.pustotin.zerobalance.clothing.solar_cape_2,1.79
2026-10-02,SVN,EUR,com.pustotin.zerobalance.clothing.solar_cape_2,1.79
2026-10-02,SWE,SEK,com.pustotin.zerobalance.clothing.solar_cape_2,21.0
2026-10-02,SWZ,USD,com.pustotin.zerobalance.clothing.solar_cape_2,1.79
2026-10-02,SYC,USD,com.pustotin.zerobalance.clothing.solar_cape_2,1.79
2026-10-02,TCA,USD,com.pustotin.zerobalance.clothing.solar_cape_2,1.79
2026-10-02,TCD,USD,com.pustotin.zerobalance.clothing.solar_cape_2,1.79
2026-10-02,THA,THB,com.pustotin.zerobalance.clothing.solar_cape_2,69.0
2026-10-02,TJK,USD,com.pustotin.zerobalance.clothing.solar_cape_2,1.79
2026-10-02,TKM,USD,com.pustotin.zerobalance.clothing.solar_cape_2,1.79
2026-10-02,TON,USD,com.pustotin.zerobalance.clothing.solar_cape_2,1.79
2026-10-02,TTO,USD,com.pustotin.zerobalance.clothing.solar_cape_2,1.79
2026-10-02,TUN,USD,com.pustotin.zerobalance.clothing.solar_cape_2,1.79
2026-10-02,TUR,TRY,com.pustotin.zerobalance.clothing.solar_cape_2,14.99
2026-10-02,TWN,TWD,com.pustotin.zerobalance.clothing.solar_cape_2,69
2026-10-02,TZA,TZS,com.pustotin.zerobalance.clothing.solar_cape_2,2300.0
2026-10-02,UGA,USD,com.pustotin.zerobalance.clothing.solar_cape_2,1.79
2026-10-02,UKR,USD,com.pustotin.zerobalance.clothing.solar_cape_2,1.79
2026-10-02,URY,USD,com.pustotin.zerobalance.clothing.solar_cape_2,1.79
2026-10-02,USA,USD,com.pustotin.zerobalance.clothing.solar_cape_2,1.79
2026-10-02,UZB,USD,com.pustotin.zerobalance.clothing.solar_cape_2,1.79
2026-10-02,VCT,USD,com.pustotin.zerobalance.clothing.solar_cape_2,1.79
2026-10-02,VEN,USD,com.pustotin.zerobalance.clothing.solar_cape_2,1.79
2026-10-02,VGB,USD,com.pustotin.zerobalance.clothing.solar_cape_2,1.79
2026-10-02,VNM,VND,com.pustotin.zerobalance.clothing.solar_cape_2,23000
2026-10-02,VUT,USD,com.pustotin.zerobalance.clothing.solar_cape_2,1.79
2026-10-02,XKS,EUR,com.pustotin.zerobalance.clothing.solar_cape_2,1.79
2026-10-02,YEM,USD,com.pustotin.zerobalance.clothing.solar_cape_2,1.79
2026-10-02,ZAF,ZAR,com.pustotin.zerobalance.clothing.solar_cape_2,17.99
2026-10-02,ZMB,USD,com.pustotin.zerobalance.clothing.solar_cape_2,1.79
2026-10-02,ZWE,USD,com.pustotin.zerobalance.clothing.solar_cape_2,1.79
2026-10-02,AFG,USD,com.pustotin.zerobalance.food.star_sprinkles,0.49
2026-10-02,AGO,USD,com.pustotin.zerobalance.food.star_sprinkles,0.49
2026-10-02,AIA,USD,com.pustotin.zerobalance.food.star_sprinkles,0.49
2026-10-02,ALB,USD,com.pustotin.zerobalance.food.star_sprinkles,0.49
2026-10-02,ARE,AED,com.pustotin.zerobalance.food.star_sprinkles,1.49
2026-10-02,ARG,USD,com.pustotin.zerobalance.food.star_sprinkles,0.49
2026-10-02,ARM,USD,com.pustotin.zerobalance.food.star_sprinkles,0.49
2026-10-02,ATG,USD,com.pustotin.zerobalance.food.star_sprinkles,0.49
2026-10-02,AUS,AUD,com.pustotin.zerobalance.food.star_sprinkles,0.59
2026-10-02,AUT,EUR,com.pustotin.zerobalance.food.star_sprinkles,0.49
2026-10-02,AZE,USD,com.pustotin.zerobalance.food.star_sprinkles,0.49
2026-10-02,BEL,EUR,com.pustotin.zerobalance.food.star_sprinkles,0.49
2026-10-02,BEN,USD,com.pustotin.zerobalance.food.star_sprinkles,0.49
2026-10-02,BFA,USD,com.pustotin.zerobalance.food.star_sprinkles,0.49
2026-10-02,BGR,EUR,com.pustotin.zerobalance.food.star_sprinkles,0.49
2026-10-02,BHR,USD,com.pustotin.zerobalance.food.star_sprinkles,0.49
2026-10-02,BHS,USD,com.pustotin.zerobalance.food.star_sprinkles,0.49
2026-10-02,BIH,EUR,com.pustotin.zerobalance.food.star_sprinkles,0.49
2026-10-02,BLR,USD,com.pustotin.zerobalance.food.star_sprinkles,0.49
2026-10-02,BLZ,USD,com.pustotin.zerobalance.food.star_sprinkles,0.49
2026-10-02,BMU,USD,com.pustotin.zerobalance.food.star_sprinkles,0.49
2026-10-02,BOL,USD,com.pustotin.zerobalance.food.star_sprinkles,0.49
2026-10-02,BRA,BRL,com.pustotin.zerobalance.food.star_sprinkles,1.0
2026-10-02,BRB,USD,com.pustotin.zerobalance.food.star_sprinkles,0.49
2026-10-02,BRN,USD,com.pustotin.zerobalance.food.star_sprinkles,0.49
2026-10-02,BTN,USD,com.pustotin.zerobalance.food.star_sprinkles,0.49
2026-10-02,BWA,USD,com.pustotin.zerobalance.food.star_sprinkles,0.49
2026-10-02,CAN,CAD,com.pustotin.zerobalance.food.star_sprinkles,0.49
2026-10-02,CHE,CHF,com.pustotin.zerobalance.food.star_sprinkles,0.5
2026-10-02,CHL,CLP,com.pustotin.zerobalance.food.star_sprinkles,290
2026-10-02,CHN,CNY,com.pustotin.zerobalance.food.star_sprinkles,1.8
2026-10-02,CIV,USD,com.pustotin.zerobalance.food.star_sprinkles,0.49
2026-10-02,CMR,USD,com.pustotin.zerobalance.food.star_sprinkles,0.49
2026-10-02,COD,USD,com.pustotin.zerobalance.food.star_sprinkles,0.49
2026-10-02,COG,USD,com.pustotin.zerobalance.food.star_sprinkles,0.49
2026-10-02,COL,COP,com.pustotin.zerobalance.food.star_sprinkles,1500.0
2026-10-02,CPV,USD,com.pustotin.zerobalance.food.star_sprinkles,0.49
2026-10-02,CRI,USD,com.pustotin.zerobalance.food.star_sprinkles,0.49
2026-10-02,CYM,USD,com.pustotin.zerobalance.food.star_sprinkles,0.49
2026-10-02,CYP,EUR,com.pustotin.zerobalance.food.star_sprinkles,0.49
2026-10-02,CZE,CZK,com.pustotin.zerobalance.food.star_sprinkles,10.0
2026-10-02,DEU,EUR,com.pustotin.zerobalance.food.star_sprinkles,0.49
2026-10-02,DMA,USD,com.pustotin.zerobalance.food.star_sprinkles,0.49
2026-10-02,DNK,DKK,com.pustotin.zerobalance.food.star_sprinkles,5.0
2026-10-02,DOM,USD,com.pustotin.zerobalance.food.star_sprinkles,0.49
2026-10-02,DZA,USD,com.pustotin.zerobalance.food.star_sprinkles,0.49
2026-10-02,ECU,USD,com.pustotin.zerobalance.food.star_sprinkles,0.49
2026-10-02,EGY,EGP,com.pustotin.zerobalance.food.star_sprinkles,4.9
2026-10-02,ESP,EUR,com.pustotin.zerobalance.food.star_sprinkles,0.49
2026-10-02,EST,EUR,com.pustotin.zerobalance.food.star_sprinkles,0.49
2026-10-02,FIN,EUR,com.pustotin.zerobalance.food.star_sprinkles,0.49
2026-10-02,FJI,USD,com.pustotin.zerobalance.food.star_sprinkles,0.49
2026-10-02,FRA,EUR,com.pustotin.zerobalance.food.star_sprinkles,0.49
2026-10-02,FSM,USD,com.pustotin.zerobalance.food.star_sprinkles,0.49
2026-10-02,GAB,USD,com.pustotin.zerobalance.food.star_sprinkles,0.49
2026-10-02,GBR,GBP,com.pustotin.zerobalance.food.star_sprinkles,0.49
2026-10-02,GEO,USD,com.pustotin.zerobalance.food.star_sprinkles,0.49
2026-10-02,GHA,USD,com.pustotin.zerobalance.food.star_sprinkles,0.49
2026-10-02,GMB,USD,com.pustotin.zerobalance.food.star_sprinkles,0.49
2026-10-02,GNB,USD,com.pustotin.zerobalance.food.star_sprinkles,0.49
2026-10-02,GRC,EUR,com.pustotin.zerobalance.food.star_sprinkles,0.49
2026-10-02,GRD,USD,com.pustotin.zerobalance.food.star_sprinkles,0.49
2026-10-02,GTM,USD,com.pustotin.zerobalance.food.star_sprinkles,0.49
2026-10-02,GUY,USD,com.pustotin.zerobalance.food.star_sprinkles,0.49
2026-10-02,HKG,HKD,com.pustotin.zerobalance.food.star_sprinkles,4.0
2026-10-02,HND,USD,com.pustotin.zerobalance.food.star_sprinkles,0.49
2026-10-02,HRV,EUR,com.pustotin.zerobalance.food.star_sprinkles,0.49
2026-10-02,HUN,HUF,com.pustotin.zerobalance.food.star_sprinkles,149
2026-10-02,IDN,IDR,com.pustotin.zerobalance.food.star_sprinkles,4000
2026-10-02,IND,INR,com.pustotin.zerobalance.food.star_sprinkles,15.0
2026-10-02,IRL,EUR,com.pustotin.zerobalance.food.star_sprinkles,0.49
2026-10-02,IRQ,USD,com.pustotin.zerobalance.food.star_sprinkles,0.49
2026-10-02,ISL,USD,com.pustotin.zerobalance.food.star_sprinkles,0.49
2026-10-02,ISR,ILS,com.pustotin.zerobalance.food.star_sprinkles,1.5
2026-10-02,ITA,EUR,com.pustotin.zerobalance.food.star_sprinkles,0.49
2026-10-02,JAM,USD,com.pustotin.zerobalance.food.star_sprinkles,0.49
2026-10-02,JOR,USD,com.pustotin.zerobalance.food.star_sprinkles,0.49
2026-10-02,JPN,JPY,com.pustotin.zerobalance.food.star_sprinkles,70
2026-10-02,KAZ,KZT,com.pustotin.zerobalance.food.star_sprinkles,79.0
2026-10-02,KEN,USD,com.pustotin.zerobalance.food.star_sprinkles,0.49
2026-10-02,KGZ,USD,com.pustotin.zerobalance.food.star_sprinkles,0.49
2026-10-02,KHM,USD,com.pustotin.zerobalance.food.star_sprinkles,0.49
2026-10-02,KNA,USD,com.pustotin.zerobalance.food.star_sprinkles,0.49
2026-10-02,KOR,KRW,com.pustotin.zerobalance.food.star_sprinkles,500
2026-10-02,KWT,USD,com.pustotin.zerobalance.food.star_sprinkles,0.49
2026-10-02,LAO,USD,com.pustotin.zerobalance.food.star_sprinkles,0.49
2026-10-02,LBN,USD,com.pustotin.zerobalance.food.star_sprinkles,0.49
2026-10-02,LBR,USD,com.pustotin.zerobalance.food.star_sprinkles,0.49
2026-10-02,LBY,USD,com.pustotin.zerobalance.food.star_sprinkles,0.49
2026-10-02,LCA,USD,com.pustotin.zerobalance.food.star_sprinkles,0.49
2026-10-02,LKA,USD,com.pustotin.zerobalance.food.star_sprinkles,0.49
2026-10-02,LTU,EUR,com.pustotin.zerobalance.food.star_sprinkles,0.49
2026-10-02,LUX,EUR,com.pustotin.zerobalance.food.star_sprinkles,0.49
2026-10-02,LVA,EUR,com.pustotin.zerobalance.food.star_sprinkles,0.49
2026-10-02,MAC,USD,com.pustotin.zerobalance.food.star_sprinkles,0.49
2026-10-02,MAR,USD,com.pustotin.zerobalance.food.star_sprinkles,0.49
2026-10-02,MDA,USD,com.pustotin.zerobalance.food.star_sprinkles,0.49
2026-10-02,MDG,USD,com.pustotin.zerobalance.food.star_sprinkles,0.49
2026-10-02,MDV,USD,com.pustotin.zerobalance.food.star_sprinkles,0.49
2026-10-02,MEX,MXN,com.pustotin.zerobalance.food.star_sprinkles,7.0
2026-10-02,MKD,USD,com.pustotin.zerobalance.food.star_sprinkles,0.49
2026-10-02,MLI,USD,com.pustotin.zerobalance.food.star_sprinkles,0.49
2026-10-02,MLT,EUR,com.pustotin.zerobalance.food.star_sprinkles,0.49
2026-10-02,MMR,USD,com.pustotin.zerobalance.food.star_sprinkles,0.49
2026-10-02,MNE,EUR,com.pustotin.zerobalance.food.star_sprinkles,0.49
2026-10-02,MNG,USD,com.pustotin.zerobalance.food.star_sprinkles,0.49
2026-10-02,MOZ,USD,com.pustotin.zerobalance.food.star_sprinkles,0.49
2026-10-02,MRT,USD,com.pustotin.zerobalance.food.star_sprinkles,0.49
2026-10-02,MSR,USD,com.pustotin.zerobalance.food.star_sprinkles,0.49
2026-10-02,MUS,USD,com.pustotin.zerobalance.food.star_sprinkles,0.49
2026-10-02,MWI,USD,com.pustotin.zerobalance.food.star_sprinkles,0.49
2026-10-02,MYS,MYR,com.pustotin.zerobalance.food.star_sprinkles,1.0
2026-10-02,NAM,USD,com.pustotin.zerobalance.food.star_sprinkles,0.49
2026-10-02,NER,USD,com.pustotin.zerobalance.food.star_sprinkles,0.49
2026-10-02,NGA,NGN,com.pustotin.zerobalance.food.star_sprinkles,120.0
2026-10-02,NIC,USD,com.pustotin.zerobalance.food.star_sprinkles,0.49
2026-10-02,NLD,EUR,com.pustotin.zerobalance.food.star_sprinkles,0.49
2026-10-02,NOR,NOK,com.pustotin.zerobalance.food.star_sprinkles,5.0
2026-10-02,NPL,USD,com.pustotin.zerobalance.food.star_sprinkles,0.49
2026-10-02,NRU,USD,com.pustotin.zerobalance.food.star_sprinkles,0.49
2026-10-02,NZL,NZD,com.pustotin.zerobalance.food.star_sprinkles,0.59
2026-10-02,OMN,USD,com.pustotin.zerobalance.food.star_sprinkles,0.49
2026-10-02,PAK,PKR,com.pustotin.zerobalance.food.star_sprinkles,40.0
2026-10-02,PAN,USD,com.pustotin.zerobalance.food.star_sprinkles,0.49
2026-10-02,PER,PEN,com.pustotin.zerobalance.food.star_sprinkles,1.0
2026-10-02,PHL,PHP,com.pustotin.zerobalance.food.star_sprinkles,15.0
2026-10-02,PLW,USD,com.pustotin.zerobalance.food.star_sprinkles,0.49
2026-10-02,PNG,USD,com.pustotin.zerobalance.food.star_sprinkles,0.49
2026-10-02,POL,PLN,com.pustotin.zerobalance.food.star_sprinkles,1.49
2026-10-02,PRT,EUR,com.pustotin.zerobalance.food.star_sprinkles,0.49
2026-10-02,PRY,USD,com.pustotin.zerobalance.food.star_sprinkles,0.49
2026-10-02,QAT,QAR,com.pustotin.zerobalance.food.star_sprinkles,1.49
2026-10-02,ROU,RON,com.pustotin.zerobalance.food.star_sprinkles,1.49
2026-10-02,RUS,RUB,com.pustotin.zerobalance.food.star_sprinkles,20.0
2026-10-02,RWA,USD,com.pustotin.zerobalance.food.star_sprinkles,0.49
2026-10-02,SAU,SAR,com.pustotin.zerobalance.food.star_sprinkles,1.49
2026-10-02,SEN,USD,com.pustotin.zerobalance.food.star_sprinkles,0.49
2026-10-02,SGP,SGD,com.pustotin.zerobalance.food.star_sprinkles,0.68
2026-10-02,SLB,USD,com.pustotin.zerobalance.food.star_sprinkles,0.49
2026-10-02,SLE,USD,com.pustotin.zerobalance.food.star_sprinkles,0.49
2026-10-02,SLV,USD,com.pustotin.zerobalance.food.star_sprinkles,0.49
2026-10-02,SRB,EUR,com.pustotin.zerobalance.food.star_sprinkles,0.49
2026-10-02,STP,USD,com.pustotin.zerobalance.food.star_sprinkles,0.49
2026-10-02,SUR,USD,com.pustotin.zerobalance.food.star_sprinkles,0.49
2026-10-02,SVK,EUR,com.pustotin.zerobalance.food.star_sprinkles,0.49
2026-10-02,SVN,EUR,com.pustotin.zerobalance.food.star_sprinkles,0.49
2026-10-02,SWE,SEK,com.pustotin.zerobalance.food.star_sprinkles,5.0
2026-10-02,SWZ,USD,com.pustotin.zerobalance.food.star_sprinkles,0.49
2026-10-02,SYC,USD,com.pustotin.zerobalance.food.star_sprinkles,0.49
2026-10-02,TCA,USD,com.pustotin.zerobalance.food.star_sprinkles,0.49
2026-10-02,TCD,USD,com.pustotin.zerobalance.food.star_sprinkles,0.49
2026-10-02,THA,THB,com.pustotin.zerobalance.food.star_sprinkles,15.0
2026-10-02,TJK,USD,com.pustotin.zerobalance.food.star_sprinkles,0.49
2026-10-02,TKM,USD,com.pustotin.zerobalance.food.star_sprinkles,0.49
2026-10-02,TON,USD,com.pustotin.zerobalance.food.star_sprinkles,0.49
2026-10-02,TTO,USD,com.pustotin.zerobalance.food.star_sprinkles,0.49
2026-10-02,TUN,USD,com.pustotin.zerobalance.food.star_sprinkles,0.49
2026-10-02,TUR,TRY,com.pustotin.zerobalance.food.star_sprinkles,4.9
2026-10-02,TWN,TWD,com.pustotin.zerobalance.food.star_sprinkles,19
2026-10-02,TZA,TZS,com.pustotin.zerobalance.food.star_sprinkles,700.0
2026-10-02,UGA,USD,com.pustotin.zerobalance.food.star_sprinkles,0.49
2026-10-02,UKR,USD,com.pustotin.zerobalance.food.star_sprinkles,0.49
2026-10-02,URY,USD,com.pustotin.zerobalance.food.star_sprinkles,0.49
2026-10-02,USA,USD,com.pustotin.zerobalance.food.star_sprinkles,0.49
2026-10-02,UZB,USD,com.pustotin.zerobalance.food.star_sprinkles,0.49
2026-10-02,VCT,USD,com.pustotin.zerobalance.food.star_sprinkles,0.49
2026-10-02,VEN,USD,com.pustotin.zerobalance.food.star_sprinkles,0.49
2026-10-02,VGB,USD,com.pustotin.zerobalance.food.star_sprinkles,0.49
2026-10-02,VNM,VND,com.pustotin.zerobalance.food.star_sprinkles,7000
2026-10-02,VUT,USD,com.pustotin.zerobalance.food.star_sprinkles,0.49
2026-10-02,XKS,EUR,com.pustotin.zerobalance.food.star_sprinkles,0.49
2026-10-02,YEM,USD,com.pustotin.zerobalance.food.star_sprinkles,0.49
2026-10-02,ZAF,ZAR,com.pustotin.zerobalance.food.star_sprinkles,5.0
2026-10-02,ZMB,USD,com.pustotin.zerobalance.food.star_sprinkles,0.49
2026-10-02,ZWE,USD,com.pustotin.zerobalance.food.star_sprinkles,0.49
2026-10-02,AFG,USD,com.pustotin.zerobalance.toy.stardust_spinner_2,1.39
2026-10-02,AGO,USD,com.pustotin.zerobalance.toy.stardust_spinner_2,1.39
2026-10-02,AIA,USD,com.pustotin.zerobalance.toy.stardust_spinner_2,1.39
2026-10-02,ALB,USD,com.pustotin.zerobalance.toy.stardust_spinner_2,1.39
2026-10-02,ARE,AED,com.pustotin.zerobalance.toy.stardust_spinner_2,4.99
2026-10-02,ARG,USD,com.pustotin.zerobalance.toy.stardust_spinner_2,1.39
2026-10-02,ARM,USD,com.pustotin.zerobalance.toy.stardust_spinner_2,1.39
2026-10-02,ATG,USD,com.pustotin.zerobalance.toy.stardust_spinner_2,1.39
2026-10-02,AUS,AUD,com.pustotin.zerobalance.toy.stardust_spinner_2,1.49
2026-10-02,AUT,EUR,com.pustotin.zerobalance.toy.stardust_spinner_2,1.39
2026-10-02,AZE,USD,com.pustotin.zerobalance.toy.stardust_spinner_2,1.39
2026-10-02,BEL,EUR,com.pustotin.zerobalance.toy.stardust_spinner_2,1.39
2026-10-02,BEN,USD,com.pustotin.zerobalance.toy.stardust_spinner_2,1.39
2026-10-02,BFA,USD,com.pustotin.zerobalance.toy.stardust_spinner_2,1.39
2026-10-02,BGR,EUR,com.pustotin.zerobalance.toy.stardust_spinner_2,1.39
2026-10-02,BHR,USD,com.pustotin.zerobalance.toy.stardust_spinner_2,1.39
2026-10-02,BHS,USD,com.pustotin.zerobalance.toy.stardust_spinner_2,1.39
2026-10-02,BIH,EUR,com.pustotin.zerobalance.toy.stardust_spinner_2,1.39
2026-10-02,BLR,USD,com.pustotin.zerobalance.toy.stardust_spinner_2,1.39
2026-10-02,BLZ,USD,com.pustotin.zerobalance.toy.stardust_spinner_2,1.39
2026-10-02,BMU,USD,com.pustotin.zerobalance.toy.stardust_spinner_2,1.39
2026-10-02,BOL,USD,com.pustotin.zerobalance.toy.stardust_spinner_2,1.39
2026-10-02,BRA,BRL,com.pustotin.zerobalance.toy.stardust_spinner_2,4.0
2026-10-02,BRB,USD,com.pustotin.zerobalance.toy.stardust_spinner_2,1.39
2026-10-02,BRN,USD,com.pustotin.zerobalance.toy.stardust_spinner_2,1.39
2026-10-02,BTN,USD,com.pustotin.zerobalance.toy.stardust_spinner_2,1.39
2026-10-02,BWA,USD,com.pustotin.zerobalance.toy.stardust_spinner_2,1.39
2026-10-02,CAN,CAD,com.pustotin.zerobalance.toy.stardust_spinner_2,1.39
2026-10-02,CHE,CHF,com.pustotin.zerobalance.toy.stardust_spinner_2,1.6
2026-10-02,CHL,CLP,com.pustotin.zerobalance.toy.stardust_spinner_2,890
2026-10-02,CHN,CNY,com.pustotin.zerobalance.toy.stardust_spinner_2,5.8
2026-10-02,CIV,USD,com.pustotin.zerobalance.toy.stardust_spinner_2,1.39
2026-10-02,CMR,USD,com.pustotin.zerobalance.toy.stardust_spinner_2,1.39
2026-10-02,COD,USD,com.pustotin.zerobalance.toy.stardust_spinner_2,1.39
2026-10-02,COG,USD,com.pustotin.zerobalance.toy.stardust_spinner_2,1.39
2026-10-02,COL,COP,com.pustotin.zerobalance.toy.stardust_spinner_2,5500.0
2026-10-02,CPV,USD,com.pustotin.zerobalance.toy.stardust_spinner_2,1.39
2026-10-02,CRI,USD,com.pustotin.zerobalance.toy.stardust_spinner_2,1.39
2026-10-02,CYM,USD,com.pustotin.zerobalance.toy.stardust_spinner_2,1.39
2026-10-02,CYP,EUR,com.pustotin.zerobalance.toy.stardust_spinner_2,1.39
2026-10-02,CZE,CZK,com.pustotin.zerobalance.toy.stardust_spinner_2,20.0
2026-10-02,DEU,EUR,com.pustotin.zerobalance.toy.stardust_spinner_2,1.39
2026-10-02,DMA,USD,com.pustotin.zerobalance.toy.stardust_spinner_2,1.39
2026-10-02,DNK,DKK,com.pustotin.zerobalance.toy.stardust_spinner_2,17.0
2026-10-02,DOM,USD,com.pustotin.zerobalance.toy.stardust_spinner_2,1.39
2026-10-02,DZA,USD,com.pustotin.zerobalance.toy.stardust_spinner_2,1.39
2026-10-02,ECU,USD,com.pustotin.zerobalance.toy.stardust_spinner_2,1.39
2026-10-02,EGY,EGP,com.pustotin.zerobalance.toy.stardust_spinner_2,11.99
2026-10-02,ESP,EUR,com.pustotin.zerobalance.toy.stardust_spinner_2,1.39
2026-10-02,EST,EUR,com.pustotin.zerobalance.toy.stardust_spinner_2,1.39
2026-10-02,FIN,EUR,com.pustotin.zerobalance.toy.stardust_spinner_2,1.39
2026-10-02,FJI,USD,com.pustotin.zerobalance.toy.stardust_spinner_2,1.39
2026-10-02,FRA,EUR,com.pustotin.zerobalance.toy.stardust_spinner_2,1.39
2026-10-02,FSM,USD,com.pustotin.zerobalance.toy.stardust_spinner_2,1.39
2026-10-02,GAB,USD,com.pustotin.zerobalance.toy.stardust_spinner_2,1.39
2026-10-02,GBR,GBP,com.pustotin.zerobalance.toy.stardust_spinner_2,1.39
2026-10-02,GEO,USD,com.pustotin.zerobalance.toy.stardust_spinner_2,1.39
2026-10-02,GHA,USD,com.pustotin.zerobalance.toy.stardust_spinner_2,1.39
2026-10-02,GMB,USD,com.pustotin.zerobalance.toy.stardust_spinner_2,1.39
2026-10-02,GNB,USD,com.pustotin.zerobalance.toy.stardust_spinner_2,1.39
2026-10-02,GRC,EUR,com.pustotin.zerobalance.toy.stardust_spinner_2,1.39
2026-10-02,GRD,USD,com.pustotin.zerobalance.toy.stardust_spinner_2,1.39
2026-10-02,GTM,USD,com.pustotin.zerobalance.toy.stardust_spinner_2,1.39
2026-10-02,GUY,USD,com.pustotin.zerobalance.toy.stardust_spinner_2,1.39
2026-10-02,HKG,HKD,com.pustotin.zerobalance.toy.stardust_spinner_2,16.0
2026-10-02,HND,USD,com.pustotin.zerobalance.toy.stardust_spinner_2,1.39
2026-10-02,HRV,EUR,com.pustotin.zerobalance.toy.stardust_spinner_2,1.39
2026-10-02,HUN,HUF,com.pustotin.zerobalance.toy.stardust_spinner_2,549
2026-10-02,IDN,IDR,com.pustotin.zerobalance.toy.stardust_spinner_2,9900
2026-10-02,IND,INR,com.pustotin.zerobalance.toy.stardust_spinner_2,55.0
2026-10-02,IRL,EUR,com.pustotin.zerobalance.toy.stardust_spinner_2,1.39
2026-10-02,IRQ,USD,com.pustotin.zerobalance.toy.stardust_spinner_2,1.39
2026-10-02,ISL,USD,com.pustotin.zerobalance.toy.stardust_spinner_2,1.39
2026-10-02,ISR,ILS,com.pustotin.zerobalance.toy.stardust_spinner_2,5.5
2026-10-02,ITA,EUR,com.pustotin.zerobalance.toy.stardust_spinner_2,1.39
2026-10-02,JAM,USD,com.pustotin.zerobalance.toy.stardust_spinner_2,1.39
2026-10-02,JOR,USD,com.pustotin.zerobalance.toy.stardust_spinner_2,1.39
2026-10-02,JPN,JPY,com.pustotin.zerobalance.toy.stardust_spinner_2,190
2026-10-02,KAZ,KZT,com.pustotin.zerobalance.toy.stardust_spinner_2,139.0
2026-10-02,KEN,USD,com.pustotin.zerobalance.toy.stardust_spinner_2,1.39
2026-10-02,KGZ,USD,com.pustotin.zerobalance.toy.stardust_spinner_2,1.39
2026-10-02,KHM,USD,com.pustotin.zerobalance.toy.stardust_spinner_2,1.39
2026-10-02,KNA,USD,com.pustotin.zerobalance.toy.stardust_spinner_2,1.39
2026-10-02,KOR,KRW,com.pustotin.zerobalance.toy.stardust_spinner_2,1111
2026-10-02,KWT,USD,com.pustotin.zerobalance.toy.stardust_spinner_2,1.39
2026-10-02,LAO,USD,com.pustotin.zerobalance.toy.stardust_spinner_2,1.39
2026-10-02,LBN,USD,com.pustotin.zerobalance.toy.stardust_spinner_2,1.39
2026-10-02,LBR,USD,com.pustotin.zerobalance.toy.stardust_spinner_2,1.39
2026-10-02,LBY,USD,com.pustotin.zerobalance.toy.stardust_spinner_2,1.39
2026-10-02,LCA,USD,com.pustotin.zerobalance.toy.stardust_spinner_2,1.39
2026-10-02,LKA,USD,com.pustotin.zerobalance.toy.stardust_spinner_2,1.39
2026-10-02,LTU,EUR,com.pustotin.zerobalance.toy.stardust_spinner_2,1.39
2026-10-02,LUX,EUR,com.pustotin.zerobalance.toy.stardust_spinner_2,1.39
2026-10-02,LVA,EUR,com.pustotin.zerobalance.toy.stardust_spinner_2,1.39
2026-10-02,MAC,USD,com.pustotin.zerobalance.toy.stardust_spinner_2,1.39
2026-10-02,MAR,USD,com.pustotin.zerobalance.toy.stardust_spinner_2,1.39
2026-10-02,MDA,USD,com.pustotin.zerobalance.toy.stardust_spinner_2,1.39
2026-10-02,MDG,USD,com.pustotin.zerobalance.toy.stardust_spinner_2,1.39
2026-10-02,MDV,USD,com.pustotin.zerobalance.toy.stardust_spinner_2,1.39
2026-10-02,MEX,MXN,com.pustotin.zerobalance.toy.stardust_spinner_2,19.0
2026-10-02,MKD,USD,com.pustotin.zerobalance.toy.stardust_spinner_2,1.39
2026-10-02,MLI,USD,com.pustotin.zerobalance.toy.stardust_spinner_2,1.39
2026-10-02,MLT,EUR,com.pustotin.zerobalance.toy.stardust_spinner_2,1.39
2026-10-02,MMR,USD,com.pustotin.zerobalance.toy.stardust_spinner_2,1.39
2026-10-02,MNE,EUR,com.pustotin.zerobalance.toy.stardust_spinner_2,1.39
2026-10-02,MNG,USD,com.pustotin.zerobalance.toy.stardust_spinner_2,1.39
2026-10-02,MOZ,USD,com.pustotin.zerobalance.toy.stardust_spinner_2,1.39
2026-10-02,MRT,USD,com.pustotin.zerobalance.toy.stardust_spinner_2,1.39
2026-10-02,MSR,USD,com.pustotin.zerobalance.toy.stardust_spinner_2,1.39
2026-10-02,MUS,USD,com.pustotin.zerobalance.toy.stardust_spinner_2,1.39
2026-10-02,MWI,USD,com.pustotin.zerobalance.toy.stardust_spinner_2,1.39
2026-10-02,MYS,MYR,com.pustotin.zerobalance.toy.stardust_spinner_2,4.0
2026-10-02,NAM,USD,com.pustotin.zerobalance.toy.stardust_spinner_2,1.39
2026-10-02,NER,USD,com.pustotin.zerobalance.toy.stardust_spinner_2,1.39
2026-10-02,NGA,NGN,com.pustotin.zerobalance.toy.stardust_spinner_2,230.0
2026-10-02,NIC,USD,com.pustotin.zerobalance.toy.stardust_spinner_2,1.39
2026-10-02,NLD,EUR,com.pustotin.zerobalance.toy.stardust_spinner_2,1.39
2026-10-02,NOR,NOK,com.pustotin.zerobalance.toy.stardust_spinner_2,17.0
2026-10-02,NPL,USD,com.pustotin.zerobalance.toy.stardust_spinner_2,1.39
2026-10-02,NRU,USD,com.pustotin.zerobalance.toy.stardust_spinner_2,1.39
2026-10-02,NZL,NZD,com.pustotin.zerobalance.toy.stardust_spinner_2,1.49
2026-10-02,OMN,USD,com.pustotin.zerobalance.toy.stardust_spinner_2,1.39
2026-10-02,PAK,PKR,com.pustotin.zerobalance.toy.stardust_spinner_2,100.0
2026-10-02,PAN,USD,com.pustotin.zerobalance.toy.stardust_spinner_2,1.39
2026-10-02,PER,PEN,com.pustotin.zerobalance.toy.stardust_spinner_2,4.0
2026-10-02,PHL,PHP,com.pustotin.zerobalance.toy.stardust_spinner_2,55.0
2026-10-02,PLW,USD,com.pustotin.zerobalance.toy.stardust_spinner_2,1.39
2026-10-02,PNG,USD,com.pustotin.zerobalance.toy.stardust_spinner_2,1.39
2026-10-02,POL,PLN,com.pustotin.zerobalance.toy.stardust_spinner_2,5.49
2026-10-02,PRT,EUR,com.pustotin.zerobalance.toy.stardust_spinner_2,1.39
2026-10-02,PRY,USD,com.pustotin.zerobalance.toy.stardust_spinner_2,1.39
2026-10-02,QAT,QAR,com.pustotin.zerobalance.toy.stardust_spinner_2,4.99
2026-10-02,ROU,RON,com.pustotin.zerobalance.toy.stardust_spinner_2,5.49
2026-10-02,RUS,RUB,com.pustotin.zerobalance.toy.stardust_spinner_2,60.0
2026-10-02,RWA,USD,com.pustotin.zerobalance.toy.stardust_spinner_2,1.39
2026-10-02,SAU,SAR,com.pustotin.zerobalance.toy.stardust_spinner_2,4.99
2026-10-02,SEN,USD,com.pustotin.zerobalance.toy.stardust_spinner_2,1.39
2026-10-02,SGP,SGD,com.pustotin.zerobalance.toy.stardust_spinner_2,1.48
2026-10-02,SLB,USD,com.pustotin.zerobalance.toy.stardust_spinner_2,1.39
2026-10-02,SLE,USD,com.pustotin.zerobalance.toy.stardust_spinner_2,1.39
2026-10-02,SLV,USD,com.pustotin.zerobalance.toy.stardust_spinner_2,1.39
2026-10-02,SRB,EUR,com.pustotin.zerobalance.toy.stardust_spinner_2,1.39
2026-10-02,STP,USD,com.pustotin.zerobalance.toy.stardust_spinner_2,1.39
2026-10-02,SUR,USD,com.pustotin.zerobalance.toy.stardust_spinner_2,1.39
2026-10-02,SVK,EUR,com.pustotin.zerobalance.toy.stardust_spinner_2,1.39
2026-10-02,SVN,EUR,com.pustotin.zerobalance.toy.stardust_spinner_2,1.39
2026-10-02,SWE,SEK,com.pustotin.zerobalance.toy.stardust_spinner_2,17.0
2026-10-02,SWZ,USD,com.pustotin.zerobalance.toy.stardust_spinner_2,1.39
2026-10-02,SYC,USD,com.pustotin.zerobalance.toy.stardust_spinner_2,1.39
2026-10-02,TCA,USD,com.pustotin.zerobalance.toy.stardust_spinner_2,1.39
2026-10-02,TCD,USD,com.pustotin.zerobalance.toy.stardust_spinner_2,1.39
2026-10-02,THA,THB,com.pustotin.zerobalance.toy.stardust_spinner_2,55.0
2026-10-02,TJK,USD,com.pustotin.zerobalance.toy.stardust_spinner_2,1.39
2026-10-02,TKM,USD,com.pustotin.zerobalance.toy.stardust_spinner_2,1.39
2026-10-02,TON,USD,com.pustotin.zerobalance.toy.stardust_spinner_2,1.39
2026-10-02,TTO,USD,com.pustotin.zerobalance.toy.stardust_spinner_2,1.39
2026-10-02,TUN,USD,com.pustotin.zerobalance.toy.stardust_spinner_2,1.39
2026-10-02,TUR,TRY,com.pustotin.zerobalance.toy.stardust_spinner_2,11.99
2026-10-02,TWN,TWD,com.pustotin.zerobalance.toy.stardust_spinner_2,55
2026-10-02,TZA,TZS,com.pustotin.zerobalance.toy.stardust_spinner_2,1900.0
2026-10-02,UGA,USD,com.pustotin.zerobalance.toy.stardust_spinner_2,1.39
2026-10-02,UKR,USD,com.pustotin.zerobalance.toy.stardust_spinner_2,1.39
2026-10-02,URY,USD,com.pustotin.zerobalance.toy.stardust_spinner_2,1.39
2026-10-02,USA,USD,com.pustotin.zerobalance.toy.stardust_spinner_2,1.39
2026-10-02,UZB,USD,com.pustotin.zerobalance.toy.stardust_spinner_2,1.39
2026-10-02,VCT,USD,com.pustotin.zerobalance.toy.stardust_spinner_2,1.39
2026-10-02,VEN,USD,com.pustotin.zerobalance.toy.stardust_spinner_2,1.39
2026-10-02,VGB,USD,com.pustotin.zerobalance.toy.stardust_spinner_2,1.39
2026-10-02,VNM,VND,com.pustotin.zerobalance.toy.stardust_spinner_2,19000
2026-10-02,VUT,USD,com.pustotin.zerobalance.toy.stardust_spinner_2,1.39
2026-10-02,XKS,EUR,com.pustotin.zerobalance.toy.stardust_spinner_2,1.39
2026-10-02,YEM,USD,com.pustotin.zerobalance.toy.stardust_spinner_2,1.39
2026-10-02,ZAF,ZAR,com.pustotin.zerobalance.toy.stardust_spinner_2,14.99
2026-10-02,ZMB,USD,com.pustotin.zerobalance.toy.stardust_spinner_2,1.39
2026-10-02,ZWE,USD,com.pustotin.zerobalance.toy.stardust_spinner_2,1.39
2026-10-02,AFG,USD,com.pustotin.zerobalance.warmth.sunbeam_patch,0.9
2026-10-02,AGO,USD,com.pustotin.zerobalance.warmth.sunbeam_patch,0.9
2026-10-02,AIA,USD,com.pustotin.zerobalance.warmth.sunbeam_patch,0.9
2026-10-02,ALB,USD,com.pustotin.zerobalance.warmth.sunbeam_patch,0.9
2026-10-02,ARE,AED,com.pustotin.zerobalance.warmth.sunbeam_patch,2.99
2026-10-02,ARG,USD,com.pustotin.zerobalance.warmth.sunbeam_patch,0.9
2026-10-02,ARM,USD,com.pustotin.zerobalance.warmth.sunbeam_patch,0.9
2026-10-02,ATG,USD,com.pustotin.zerobalance.warmth.sunbeam_patch,0.9
2026-10-02,AUS,AUD,com.pustotin.zerobalance.warmth.sunbeam_patch,0.95
2026-10-02,AUT,EUR,com.pustotin.zerobalance.warmth.sunbeam_patch,0.9
2026-10-02,AZE,USD,com.pustotin.zerobalance.warmth.sunbeam_patch,0.9
2026-10-02,BEL,EUR,com.pustotin.zerobalance.warmth.sunbeam_patch,0.9
2026-10-02,BEN,USD,com.pustotin.zerobalance.warmth.sunbeam_patch,0.9
2026-10-02,BFA,USD,com.pustotin.zerobalance.warmth.sunbeam_patch,0.9
2026-10-02,BGR,EUR,com.pustotin.zerobalance.warmth.sunbeam_patch,0.9
2026-10-02,BHR,USD,com.pustotin.zerobalance.warmth.sunbeam_patch,0.9
2026-10-02,BHS,USD,com.pustotin.zerobalance.warmth.sunbeam_patch,0.9
2026-10-02,BIH,EUR,com.pustotin.zerobalance.warmth.sunbeam_patch,0.9
2026-10-02,BLR,USD,com.pustotin.zerobalance.warmth.sunbeam_patch,0.9
2026-10-02,BLZ,USD,com.pustotin.zerobalance.warmth.sunbeam_patch,0.9
2026-10-02,BMU,USD,com.pustotin.zerobalance.warmth.sunbeam_patch,0.9
2026-10-02,BOL,USD,com.pustotin.zerobalance.warmth.sunbeam_patch,0.9
2026-10-02,BRA,BRL,com.pustotin.zerobalance.warmth.sunbeam_patch,2.5
2026-10-02,BRB,USD,com.pustotin.zerobalance.warmth.sunbeam_patch,0.9
2026-10-02,BRN,USD,com.pustotin.zerobalance.warmth.sunbeam_patch,0.9
2026-10-02,BTN,USD,com.pustotin.zerobalance.warmth.sunbeam_patch,0.9
2026-10-02,BWA,USD,com.pustotin.zerobalance.warmth.sunbeam_patch,0.9
2026-10-02,CAN,CAD,com.pustotin.zerobalance.warmth.sunbeam_patch,0.9
2026-10-02,CHE,CHF,com.pustotin.zerobalance.warmth.sunbeam_patch,0.95
2026-10-02,CHL,CLP,com.pustotin.zerobalance.warmth.sunbeam_patch,500
2026-10-02,CHN,CNY,com.pustotin.zerobalance.warmth.sunbeam_patch,3.5
2026-10-02,CIV,USD,com.pustotin.zerobalance.warmth.sunbeam_patch,0.9
2026-10-02,CMR,USD,com.pustotin.zerobalance.warmth.sunbeam_patch,0.9
2026-10-02,COD,USD,com.pustotin.zerobalance.warmth.sunbeam_patch,0.9
2026-10-02,COG,USD,com.pustotin.zerobalance.warmth.sunbeam_patch,0.9
2026-10-02,COL,COP,com.pustotin.zerobalance.warmth.sunbeam_patch,3000.0
2026-10-02,CPV,USD,com.pustotin.zerobalance.warmth.sunbeam_patch,0.9
2026-10-02,CRI,USD,com.pustotin.zerobalance.warmth.sunbeam_patch,0.9
2026-10-02,CYM,USD,com.pustotin.zerobalance.warmth.sunbeam_patch,0.9
2026-10-02,CYP,EUR,com.pustotin.zerobalance.warmth.sunbeam_patch,0.9
2026-10-02,CZE,CZK,com.pustotin.zerobalance.warmth.sunbeam_patch,14.99
2026-10-02,DEU,EUR,com.pustotin.zerobalance.warmth.sunbeam_patch,0.9
2026-10-02,DMA,USD,com.pustotin.zerobalance.warmth.sunbeam_patch,0.9
2026-10-02,DNK,DKK,com.pustotin.zerobalance.warmth.sunbeam_patch,10.0
2026-10-02,DOM,USD,com.pustotin.zerobalance.warmth.sunbeam_patch,0.9
2026-10-02,DZA,USD,com.pustotin.zerobalance.warmth.sunbeam_patch,0.9
2026-10-02,ECU,USD,com.pustotin.zerobalance.warmth.sunbeam_patch,0.9
2026-10-02,EGY,EGP,com.pustotin.zerobalance.warmth.sunbeam_patch,7.99
2026-10-02,ESP,EUR,com.pustotin.zerobalance.warmth.sunbeam_patch,0.9
2026-10-02,EST,EUR,com.pustotin.zerobalance.warmth.sunbeam_patch,0.9
2026-10-02,FIN,EUR,com.pustotin.zerobalance.warmth.sunbeam_patch,0.9
2026-10-02,FJI,USD,com.pustotin.zerobalance.warmth.sunbeam_patch,0.9
2026-10-02,FRA,EUR,com.pustotin.zerobalance.warmth.sunbeam_patch,0.9
2026-10-02,FSM,USD,com.pustotin.zerobalance.warmth.sunbeam_patch,0.9
2026-10-02,GAB,USD,com.pustotin.zerobalance.warmth.sunbeam_patch,0.9
2026-10-02,GBR,GBP,com.pustotin.zerobalance.warmth.sunbeam_patch,0.9
2026-10-02,GEO,USD,com.pustotin.zerobalance.warmth.sunbeam_patch,0.9
2026-10-02,GHA,USD,com.pustotin.zerobalance.warmth.sunbeam_patch,0.9
2026-10-02,GMB,USD,com.pustotin.zerobalance.warmth.sunbeam_patch,0.9
2026-10-02,GNB,USD,com.pustotin.zerobalance.warmth.sunbeam_patch,0.9
2026-10-02,GRC,EUR,com.pustotin.zerobalance.warmth.sunbeam_patch,0.9
2026-10-02,GRD,USD,com.pustotin.zerobalance.warmth.sunbeam_patch,0.9
2026-10-02,GTM,USD,com.pustotin.zerobalance.warmth.sunbeam_patch,0.9
2026-10-02,GUY,USD,com.pustotin.zerobalance.warmth.sunbeam_patch,0.9
2026-10-02,HKG,HKD,com.pustotin.zerobalance.warmth.sunbeam_patch,9.0
2026-10-02,HND,USD,com.pustotin.zerobalance.warmth.sunbeam_patch,0.9
2026-10-02,HRV,EUR,com.pustotin.zerobalance.warmth.sunbeam_patch,0.9
2026-10-02,HUN,HUF,com.pustotin.zerobalance.warmth.sunbeam_patch,300
2026-10-02,IDN,IDR,com.pustotin.zerobalance.warmth.sunbeam_patch,6500
2026-10-02,IND,INR,com.pustotin.zerobalance.warmth.sunbeam_patch,30.0
2026-10-02,IRL,EUR,com.pustotin.zerobalance.warmth.sunbeam_patch,0.9
2026-10-02,IRQ,USD,com.pustotin.zerobalance.warmth.sunbeam_patch,0.9
2026-10-02,ISL,USD,com.pustotin.zerobalance.warmth.sunbeam_patch,0.9
2026-10-02,ISR,ILS,com.pustotin.zerobalance.warmth.sunbeam_patch,3.0
2026-10-02,ITA,EUR,com.pustotin.zerobalance.warmth.sunbeam_patch,0.9
2026-10-02,JAM,USD,com.pustotin.zerobalance.warmth.sunbeam_patch,0.9
2026-10-02,JOR,USD,com.pustotin.zerobalance.warmth.sunbeam_patch,0.9
2026-10-02,JPN,JPY,com.pustotin.zerobalance.warmth.sunbeam_patch,120
2026-10-02,KAZ,KZT,com.pustotin.zerobalance.warmth.sunbeam_patch,100.0
2026-10-02,KEN,USD,com.pustotin.zerobalance.warmth.sunbeam_patch,0.9
2026-10-02,KGZ,USD,com.pustotin.zerobalance.warmth.sunbeam_patch,0.9
2026-10-02,KHM,USD,com.pustotin.zerobalance.warmth.sunbeam_patch,0.9
2026-10-02,KNA,USD,com.pustotin.zerobalance.warmth.sunbeam_patch,0.9
2026-10-02,KOR,KRW,com.pustotin.zerobalance.warmth.sunbeam_patch,770
2026-10-02,KWT,USD,com.pustotin.zerobalance.warmth.sunbeam_patch,0.9
2026-10-02,LAO,USD,com.pustotin.zerobalance.warmth.sunbeam_patch,0.9
2026-10-02,LBN,USD,com.pustotin.zerobalance.warmth.sunbeam_patch,0.9
2026-10-02,LBR,USD,com.pustotin.zerobalance.warmth.sunbeam_patch,0.9
2026-10-02,LBY,USD,com.pustotin.zerobalance.warmth.sunbeam_patch,0.9
2026-10-02,LCA,USD,com.pustotin.zerobalance.warmth.sunbeam_patch,0.9
2026-10-02,LKA,USD,com.pustotin.zerobalance.warmth.sunbeam_patch,0.9
2026-10-02,LTU,EUR,com.pustotin.zerobalance.warmth.sunbeam_patch,0.9
2026-10-02,LUX,EUR,com.pustotin.zerobalance.warmth.sunbeam_patch,0.9
2026-10-02,LVA,EUR,com.pustotin.zerobalance.warmth.sunbeam_patch,0.9
2026-10-02,MAC,USD,com.pustotin.zerobalance.warmth.sunbeam_patch,0.9
2026-10-02,MAR,USD,com.pustotin.zerobalance.warmth.sunbeam_patch,0.9
2026-10-02,MDA,USD,com.pustotin.zerobalance.warmth.sunbeam_patch,0.9
2026-10-02,MDG,USD,com.pustotin.zerobalance.warmth.sunbeam_patch,0.9
2026-10-02,MDV,USD,com.pustotin.zerobalance.warmth.sunbeam_patch,0.9
2026-10-02,MEX,MXN,com.pustotin.zerobalance.warmth.sunbeam_patch,12.0
2026-10-02,MKD,USD,com.pustotin.zerobalance.warmth.sunbeam_patch,0.9
2026-10-02,MLI,USD,com.pustotin.zerobalance.warmth.sunbeam_patch,0.9
2026-10-02,MLT,EUR,com.pustotin.zerobalance.warmth.sunbeam_patch,0.9
2026-10-02,MMR,USD,com.pustotin.zerobalance.warmth.sunbeam_patch,0.9
2026-10-02,MNE,EUR,com.pustotin.zerobalance.warmth.sunbeam_patch,0.9
2026-10-02,MNG,USD,com.pustotin.zerobalance.warmth.sunbeam_patch,0.9
2026-10-02,MOZ,USD,com.pustotin.zerobalance.warmth.sunbeam_patch,0.9
2026-10-02,MRT,USD,com.pustotin.zerobalance.warmth.sunbeam_patch,0.9
2026-10-02,MSR,USD,com.pustotin.zerobalance.warmth.sunbeam_patch,0.9
2026-10-02,MUS,USD,com.pustotin.zerobalance.warmth.sunbeam_patch,0.9
2026-10-02,MWI,USD,com.pustotin.zerobalance.warmth.sunbeam_patch,0.9
2026-10-02,MYS,MYR,com.pustotin.zerobalance.warmth.sunbeam_patch,2.5
2026-10-02,NAM,USD,com.pustotin.zerobalance.warmth.sunbeam_patch,0.9
2026-10-02,NER,USD,com.pustotin.zerobalance.warmth.sunbeam_patch,0.9
2026-10-02,NGA,NGN,com.pustotin.zerobalance.warmth.sunbeam_patch,170.0
2026-10-02,NIC,USD,com.pustotin.zerobalance.warmth.sunbeam_patch,0.9
2026-10-02,NLD,EUR,com.pustotin.zerobalance.warmth.sunbeam_patch,0.9
2026-10-02,NOR,NOK,com.pustotin.zerobalance.warmth.sunbeam_patch,10.0
2026-10-02,NPL,USD,com.pustotin.zerobalance.warmth.sunbeam_patch,0.9
2026-10-02,NRU,USD,com.pustotin.zerobalance.warmth.sunbeam_patch,0.9
2026-10-02,NZL,NZD,com.pustotin.zerobalance.warmth.sunbeam_patch,0.95
2026-10-02,OMN,USD,com.pustotin.zerobalance.warmth.sunbeam_patch,0.9
2026-10-02,PAK,PKR,com.pustotin.zerobalance.warmth.sunbeam_patch,69.0
2026-10-02,PAN,USD,com.pustotin.zerobalance.warmth.sunbeam_patch,0.9
2026-10-02,PER,PEN,com.pustotin.zerobalance.warmth.sunbeam_patch,2.5
2026-10-02,PHL,PHP,com.pustotin.zerobalance.warmth.sunbeam_patch,30.0
2026-10-02,PLW,USD,com.pustotin.zerobalance.warmth.sunbeam_patch,0.9
2026-10-02,PNG,USD,com.pustotin.zerobalance.warmth.sunbeam_patch,0.9
2026-10-02,POL,PLN,com.pustotin.zerobalance.warmth.sunbeam_patch,3.0
2026-10-02,PRT,EUR,com.pustotin.zerobalance.warmth.sunbeam_patch,0.9
2026-10-02,PRY,USD,com.pustotin.zerobalance.warmth.sunbeam_patch,0.9
2026-10-02,QAT,QAR,com.pustotin.zerobalance.warmth.sunbeam_patch,2.99
2026-10-02,ROU,RON,com.pustotin.zerobalance.warmth.sunbeam_patch,3.0
2026-10-02,RUS,RUB,com.pustotin.zerobalance.warmth.sunbeam_patch,39.0
2026-10-02,RWA,USD,com.pustotin.zerobalance.warmth.sunbeam_patch,0.9
2026-10-02,SAU,SAR,com.pustotin.zerobalance.warmth.sunbeam_patch,2.99
2026-10-02,SEN,USD,com.pustotin.zerobalance.warmth.sunbeam_patch,0.9
2026-10-02,SGP,SGD,com.pustotin.zerobalance.warmth.sunbeam_patch,0.98
2026-10-02,SLB,USD,com.pustotin.zerobalance.warmth.sunbeam_patch,0.9
2026-10-02,SLE,USD,com.pustotin.zerobalance.warmth.sunbeam_patch,0.9
2026-10-02,SLV,USD,com.pustotin.zerobalance.warmth.sunbeam_patch,0.9
2026-10-02,SRB,EUR,com.pustotin.zerobalance.warmth.sunbeam_patch,0.9
2026-10-02,STP,USD,com.pustotin.zerobalance.warmth.sunbeam_patch,0.9
2026-10-02,SUR,USD,com.pustotin.zerobalance.warmth.sunbeam_patch,0.9
2026-10-02,SVK,EUR,com.pustotin.zerobalance.warmth.sunbeam_patch,0.9
2026-10-02,SVN,EUR,com.pustotin.zerobalance.warmth.sunbeam_patch,0.9
2026-10-02,SWE,SEK,com.pustotin.zerobalance.warmth.sunbeam_patch,10.0
2026-10-02,SWZ,USD,com.pustotin.zerobalance.warmth.sunbeam_patch,0.9
2026-10-02,SYC,USD,com.pustotin.zerobalance.warmth.sunbeam_patch,0.9
2026-10-02,TCA,USD,com.pustotin.zerobalance.warmth.sunbeam_patch,0.9
2026-10-02,TCD,USD,com.pustotin.zerobalance.warmth.sunbeam_patch,0.9
2026-10-02,THA,THB,com.pustotin.zerobalance.warmth.sunbeam_patch,30.0
2026-10-02,TJK,USD,com.pustotin.zerobalance.warmth.sunbeam_patch,0.9
2026-10-02,TKM,USD,com.pustotin.zerobalance.warmth.sunbeam_patch,0.9
2026-10-02,TON,USD,com.pustotin.zerobalance.warmth.sunbeam_patch,0.9
2026-10-02,TTO,USD,com.pustotin.zerobalance.warmth.sunbeam_patch,0.9
2026-10-02,TUN,USD,com.pustotin.zerobalance.warmth.sunbeam_patch,0.9
2026-10-02,TUR,TRY,com.pustotin.zerobalance.warmth.sunbeam_patch,7.99
2026-10-02,TWN,TWD,com.pustotin.zerobalance.warmth.sunbeam_patch,33
2026-10-02,TZA,TZS,com.pustotin.zerobalance.warmth.sunbeam_patch,1200.0
2026-10-02,UGA,USD,com.pustotin.zerobalance.warmth.sunbeam_patch,0.9
2026-10-02,UKR,USD,com.pustotin.zerobalance.warmth.sunbeam_patch,0.9
2026-10-02,URY,USD,com.pustotin.zerobalance.warmth.sunbeam_patch,0.9
2026-10-02,USA,USD,com.pustotin.zerobalance.warmth.sunbeam_patch,0.9
2026-10-02,UZB,USD,com.pustotin.zerobalance.warmth.sunbeam_patch,0.9
2026-10-02,VCT,USD,com.pustotin.zerobalance.warmth.sunbeam_patch,0.9
2026-10-02,VEN,USD,com.pustotin.zerobalance.warmth.sunbeam_patch,0.9
2026-10-02,VGB,USD,com.pustotin.zerobalance.warmth.sunbeam_patch,0.9
2026-10-02,VNM,VND,com.pustotin.zerobalance.warmth.sunbeam_patch,12000
2026-10-02,VUT,USD,com.pustotin.zerobalance.warmth.sunbeam_patch,0.9
2026-10-02,XKS,EUR,com.pustotin.zerobalance.warmth.sunbeam_patch,0.9
2026-10-02,YEM,USD,com.pustotin.zerobalance.warmth.sunbeam_patch,0.9
2026-10-02,ZAF,ZAR,com.pustotin.zerobalance.warmth.sunbeam_patch,9.0
2026-10-02,ZMB,USD,com.pustotin.zerobalance.warmth.sunbeam_patch,0.9
2026-10-02,ZWE,USD,com.pustotin.zerobalance.warmth.sunbeam_patch,0.9
2026-10-02,AFG,USD,com.pustotin.zerobalance.warmth.toast_pebble,0.95
2026-10-02,AGO,USD,com.pustotin.zerobalance.warmth.toast_pebble,0.95
2026-10-02,AIA,USD,com.pustotin.zerobalance.warmth.toast_pebble,0.95
2026-10-02,ALB,USD,com.pustotin.zerobalance.warmth.toast_pebble,0.95
2026-10-02,ARE,AED,com.pustotin.zerobalance.warmth.toast_pebble,3.0
2026-10-02,ARG,USD,com.pustotin.zerobalance.warmth.toast_pebble,0.95
2026-10-02,ARM,USD,com.pustotin.zerobalance.warmth.toast_pebble,0.95
2026-10-02,ATG,USD,com.pustotin.zerobalance.warmth.toast_pebble,0.95
2026-10-02,AUS,AUD,com.pustotin.zerobalance.warmth.toast_pebble,0.99
2026-10-02,AUT,EUR,com.pustotin.zerobalance.warmth.toast_pebble,0.95
2026-10-02,AZE,USD,com.pustotin.zerobalance.warmth.toast_pebble,0.95
2026-10-02,BEL,EUR,com.pustotin.zerobalance.warmth.toast_pebble,0.95
2026-10-02,BEN,USD,com.pustotin.zerobalance.warmth.toast_pebble,0.95
2026-10-02,BFA,USD,com.pustotin.zerobalance.warmth.toast_pebble,0.95
2026-10-02,BGR,EUR,com.pustotin.zerobalance.warmth.toast_pebble,0.95
2026-10-02,BHR,USD,com.pustotin.zerobalance.warmth.toast_pebble,0.95
2026-10-02,BHS,USD,com.pustotin.zerobalance.warmth.toast_pebble,0.95
2026-10-02,BIH,EUR,com.pustotin.zerobalance.warmth.toast_pebble,0.95
2026-10-02,BLR,USD,com.pustotin.zerobalance.warmth.toast_pebble,0.95
2026-10-02,BLZ,USD,com.pustotin.zerobalance.warmth.toast_pebble,0.95
2026-10-02,BMU,USD,com.pustotin.zerobalance.warmth.toast_pebble,0.95
2026-10-02,BOL,USD,com.pustotin.zerobalance.warmth.toast_pebble,0.95
2026-10-02,BRA,BRL,com.pustotin.zerobalance.warmth.toast_pebble,2.9
2026-10-02,BRB,USD,com.pustotin.zerobalance.warmth.toast_pebble,0.95
2026-10-02,BRN,USD,com.pustotin.zerobalance.warmth.toast_pebble,0.95
2026-10-02,BTN,USD,com.pustotin.zerobalance.warmth.toast_pebble,0.95
2026-10-02,BWA,USD,com.pustotin.zerobalance.warmth.toast_pebble,0.95
2026-10-02,CAN,CAD,com.pustotin.zerobalance.warmth.toast_pebble,0.95
2026-10-02,CHE,CHF,com.pustotin.zerobalance.warmth.toast_pebble,1.0
2026-10-02,CHL,CLP,com.pustotin.zerobalance.warmth.toast_pebble,590
2026-10-02,CHN,CNY,com.pustotin.zerobalance.warmth.toast_pebble,3.8
2026-10-02,CIV,USD,com.pustotin.zerobalance.warmth.toast_pebble,0.95
2026-10-02,CMR,USD,com.pustotin.zerobalance.warmth.toast_pebble,0.95
2026-10-02,COD,USD,com.pustotin.zerobalance.warmth.toast_pebble,0.95
2026-10-02,COG,USD,com.pustotin.zerobalance.warmth.toast_pebble,0.95
2026-10-02,COL,COP,com.pustotin.zerobalance.warmth.toast_pebble,3500.0
2026-10-02,CPV,USD,com.pustotin.zerobalance.warmth.toast_pebble,0.95
2026-10-02,CRI,USD,com.pustotin.zerobalance.warmth.toast_pebble,0.95
2026-10-02,CYM,USD,com.pustotin.zerobalance.warmth.toast_pebble,0.95
2026-10-02,CYP,EUR,com.pustotin.zerobalance.warmth.toast_pebble,0.95
2026-10-02,CZE,CZK,com.pustotin.zerobalance.warmth.toast_pebble,15.0
2026-10-02,DEU,EUR,com.pustotin.zerobalance.warmth.toast_pebble,0.95
2026-10-02,DMA,USD,com.pustotin.zerobalance.warmth.toast_pebble,0.95
2026-10-02,DNK,DKK,com.pustotin.zerobalance.warmth.toast_pebble,11.0
2026-10-02,DOM,USD,com.pustotin.zerobalance.warmth.toast_pebble,0.95
2026-10-02,DZA,USD,com.pustotin.zerobalance.warmth.toast_pebble,0.95
2026-10-02,ECU,USD,com.pustotin.zerobalance.warmth.toast_pebble,0.95
2026-10-02,EGY,EGP,com.pustotin.zerobalance.warmth.toast_pebble,8.99
2026-10-02,ESP,EUR,com.pustotin.zerobalance.warmth.toast_pebble,0.95
2026-10-02,EST,EUR,com.pustotin.zerobalance.warmth.toast_pebble,0.95
2026-10-02,FIN,EUR,com.pustotin.zerobalance.warmth.toast_pebble,0.95
2026-10-02,FJI,USD,com.pustotin.zerobalance.warmth.toast_pebble,0.95
2026-10-02,FRA,EUR,com.pustotin.zerobalance.warmth.toast_pebble,0.95
2026-10-02,FSM,USD,com.pustotin.zerobalance.warmth.toast_pebble,0.95
2026-10-02,GAB,USD,com.pustotin.zerobalance.warmth.toast_pebble,0.95
2026-10-02,GBR,GBP,com.pustotin.zerobalance.warmth.toast_pebble,0.95
2026-10-02,GEO,USD,com.pustotin.zerobalance.warmth.toast_pebble,0.95
2026-10-02,GHA,USD,com.pustotin.zerobalance.warmth.toast_pebble,0.95
2026-10-02,GMB,USD,com.pustotin.zerobalance.warmth.toast_pebble,0.95
2026-10-02,GNB,USD,com.pustotin.zerobalance.warmth.toast_pebble,0.95
2026-10-02,GRC,EUR,com.pustotin.zerobalance.warmth.toast_pebble,0.95
2026-10-02,GRD,USD,com.pustotin.zerobalance.warmth.toast_pebble,0.95
2026-10-02,GTM,USD,com.pustotin.zerobalance.warmth.toast_pebble,0.95
2026-10-02,GUY,USD,com.pustotin.zerobalance.warmth.toast_pebble,0.95
2026-10-02,HKG,HKD,com.pustotin.zerobalance.warmth.toast_pebble,10.0
2026-10-02,HND,USD,com.pustotin.zerobalance.warmth.toast_pebble,0.95
2026-10-02,HRV,EUR,com.pustotin.zerobalance.warmth.toast_pebble,0.95
2026-10-02,HUN,HUF,com.pustotin.zerobalance.warmth.toast_pebble,349
2026-10-02,IDN,IDR,com.pustotin.zerobalance.warmth.toast_pebble,7000
2026-10-02,IND,INR,com.pustotin.zerobalance.warmth.toast_pebble,35.0
2026-10-02,IRL,EUR,com.pustotin.zerobalance.warmth.toast_pebble,0.95
2026-10-02,IRQ,USD,com.pustotin.zerobalance.warmth.toast_pebble,0.95
2026-10-02,ISL,USD,com.pustotin.zerobalance.warmth.toast_pebble,0.95
2026-10-02,ISR,ILS,com.pustotin.zerobalance.warmth.toast_pebble,3.5
2026-10-02,ITA,EUR,com.pustotin.zerobalance.warmth.toast_pebble,0.95
2026-10-02,JAM,USD,com.pustotin.zerobalance.warmth.toast_pebble,0.95
2026-10-02,JOR,USD,com.pustotin.zerobalance.warmth.toast_pebble,0.95
2026-10-02,JPN,JPY,com.pustotin.zerobalance.warmth.toast_pebble,130
2026-10-02,KAZ,KZT,com.pustotin.zerobalance.warmth.toast_pebble,109.0
2026-10-02,KEN,USD,com.pustotin.zerobalance.warmth.toast_pebble,0.95
2026-10-02,KGZ,USD,com.pustotin.zerobalance.warmth.toast_pebble,0.95
2026-10-02,KHM,USD,com.pustotin.zerobalance.warmth.toast_pebble,0.95
2026-10-02,KNA,USD,com.pustotin.zerobalance.warmth.toast_pebble,0.95
2026-10-02,KOR,KRW,com.pustotin.zerobalance.warmth.toast_pebble,800
2026-10-02,KWT,USD,com.pustotin.zerobalance.warmth.toast_pebble,0.95
2026-10-02,LAO,USD,com.pustotin.zerobalance.warmth.toast_pebble,0.95
2026-10-02,LBN,USD,com.pustotin.zerobalance.warmth.toast_pebble,0.95
2026-10-02,LBR,USD,com.pustotin.zerobalance.warmth.toast_pebble,0.95
2026-10-02,LBY,USD,com.pustotin.zerobalance.warmth.toast_pebble,0.95
2026-10-02,LCA,USD,com.pustotin.zerobalance.warmth.toast_pebble,0.95
2026-10-02,LKA,USD,com.pustotin.zerobalance.warmth.toast_pebble,0.95
2026-10-02,LTU,EUR,com.pustotin.zerobalance.warmth.toast_pebble,0.95
2026-10-02,LUX,EUR,com.pustotin.zerobalance.warmth.toast_pebble,0.95
2026-10-02,LVA,EUR,com.pustotin.zerobalance.warmth.toast_pebble,0.95
2026-10-02,MAC,USD,com.pustotin.zerobalance.warmth.toast_pebble,0.95
2026-10-02,MAR,USD,com.pustotin.zerobalance.warmth.toast_pebble,0.95
2026-10-02,MDA,USD,com.pustotin.zerobalance.warmth.toast_pebble,0.95
2026-10-02,MDG,USD,com.pustotin.zerobalance.warmth.toast_pebble,0.95
2026-10-02,MDV,USD,com.pustotin.zerobalance.warmth.toast_pebble,0.95
2026-10-02,MEX,MXN,com.pustotin.zerobalance.warmth.toast_pebble,13.0
2026-10-02,MKD,USD,com.pustotin.zerobalance.warmth.toast_pebble,0.95
2026-10-02,MLI,USD,com.pustotin.zerobalance.warmth.toast_pebble,0.95
2026-10-02,MLT,EUR,com.pustotin.zerobalance.warmth.toast_pebble,0.95
2026-10-02,MMR,USD,com.pustotin.zerobalance.warmth.toast_pebble,0.95
2026-10-02,MNE,EUR,com.pustotin.zerobalance.warmth.toast_pebble,0.95
2026-10-02,MNG,USD,com.pustotin.zerobalance.warmth.toast_pebble,0.95
2026-10-02,MOZ,USD,com.pustotin.zerobalance.warmth.toast_pebble,0.95
2026-10-02,MRT,USD,com.pustotin.zerobalance.warmth.toast_pebble,0.95
2026-10-02,MSR,USD,com.pustotin.zerobalance.warmth.toast_pebble,0.95
2026-10-02,MUS,USD,com.pustotin.zerobalance.warmth.toast_pebble,0.95
2026-10-02,MWI,USD,com.pustotin.zerobalance.warmth.toast_pebble,0.95
2026-10-02,MYS,MYR,com.pustotin.zerobalance.warmth.toast_pebble,2.9
2026-10-02,NAM,USD,com.pustotin.zerobalance.warmth.toast_pebble,0.95
2026-10-02,NER,USD,com.pustotin.zerobalance.warmth.toast_pebble,0.95
2026-10-02,NGA,NGN,com.pustotin.zerobalance.warmth.toast_pebble,180.0
2026-10-02,NIC,USD,com.pustotin.zerobalance.warmth.toast_pebble,0.95
2026-10-02,NLD,EUR,com.pustotin.zerobalance.warmth.toast_pebble,0.95
2026-10-02,NOR,NOK,com.pustotin.zerobalance.warmth.toast_pebble,11.0
2026-10-02,NPL,USD,com.pustotin.zerobalance.warmth.toast_pebble,0.95
2026-10-02,NRU,USD,com.pustotin.zerobalance.warmth.toast_pebble,0.95
2026-10-02,NZL,NZD,com.pustotin.zerobalance.warmth.toast_pebble,0.99
2026-10-02,OMN,USD,com.pustotin.zerobalance.warmth.toast_pebble,0.95
2026-10-02,PAK,PKR,com.pustotin.zerobalance.warmth.toast_pebble,70.0
2026-10-02,PAN,USD,com.pustotin.zerobalance.warmth.toast_pebble,0.95
2026-10-02,PER,PEN,com.pustotin.zerobalance.warmth.toast_pebble,2.9
2026-10-02,PHL,PHP,com.pustotin.zerobalance.warmth.toast_pebble,35.0
2026-10-02,PLW,USD,com.pustotin.zerobalance.warmth.toast_pebble,0.95
2026-10-02,PNG,USD,com.pustotin.zerobalance.warmth.toast_pebble,0.95
2026-10-02,POL,PLN,com.pustotin.zerobalance.warmth.toast_pebble,3.49
2026-10-02,PRT,EUR,com.pustotin.zerobalance.warmth.toast_pebble,0.95
2026-10-02,PRY,USD,com.pustotin.zerobalance.warmth.toast_pebble,0.95
2026-10-02,QAT,QAR,com.pustotin.zerobalance.warmth.toast_pebble,3.0
2026-10-02,ROU,RON,com.pustotin.zerobalance.warmth.toast_pebble,3.49
2026-10-02,RUS,RUB,com.pustotin.zerobalance.warmth.toast_pebble,40.0
2026-10-02,RWA,USD,com.pustotin.zerobalance.warmth.toast_pebble,0.95
2026-10-02,SAU,SAR,com.pustotin.zerobalance.warmth.toast_pebble,3.0
2026-10-02,SEN,USD,com.pustotin.zerobalance.warmth.toast_pebble,0.95
2026-10-02,SGP,SGD,com.pustotin.zerobalance.warmth.toast_pebble,0.99
2026-10-02,SLB,USD,com.pustotin.zerobalance.warmth.toast_pebble,0.95
2026-10-02,SLE,USD,com.pustotin.zerobalance.warmth.toast_pebble,0.95
2026-10-02,SLV,USD,com.pustotin.zerobalance.warmth.toast_pebble,0.95
2026-10-02,SRB,EUR,com.pustotin.zerobalance.warmth.toast_pebble,0.95
2026-10-02,STP,USD,com.pustotin.zerobalance.warmth.toast_pebble,0.95
2026-10-02,SUR,USD,com.pustotin.zerobalance.warmth.toast_pebble,0.95
2026-10-02,SVK,EUR,com.pustotin.zerobalance.warmth.toast_pebble,0.95
2026-10-02,SVN,EUR,com.pustotin.zerobalance.warmth.toast_pebble,0.95
2026-10-02,SWE,SEK,com.pustotin.zerobalance.warmth.toast_pebble,11.0
2026-10-02,SWZ,USD,com.pustotin.zerobalance.warmth.toast_pebble,0.95
2026-10-02,SYC,USD,com.pustotin.zerobalance.warmth.toast_pebble,0.95
2026-10-02,TCA,USD,com.pustotin.zerobalance.warmth.toast_pebble,0.95
2026-10-02,TCD,USD,com.pustotin.zerobalance.warmth.toast_pebble,0.95
2026-10-02,THA,THB,com.pustotin.zerobalance.warmth.toast_pebble,35.0
2026-10-02,TJK,USD,com.pustotin.zerobalance.warmth.toast_pebble,0.95
2026-10-02,TKM,USD,com.pustotin.zerobalance.warmth.toast_pebble,0.95
2026-10-02,TON,USD,com.pustotin.zerobalance.warmth.toast_pebble,0.95
2026-10-02,TTO,USD,com.pustotin.zerobalance.warmth.toast_pebble,0.95
2026-10-02,TUN,USD,com.pustotin.zerobalance.warmth.toast_pebble,0.95
2026-10-02,TUR,TRY,com.pustotin.zerobalance.warmth.toast_pebble,8.99
2026-10-02,TWN,TWD,com.pustotin.zerobalance.warmth.toast_pebble,35
2026-10-02,TZA,TZS,com.pustotin.zerobalance.warmth.toast_pebble,1300.0
2026-10-02,UGA,USD,com.pustotin.zerobalance.warmth.toast_pebble,0.95
2026-10-02,UKR,USD,com.pustotin.zerobalance.warmth.toast_pebble,0.95
2026-10-02,URY,USD,com.pustotin.zerobalance.warmth.toast_pebble,0.95
2026-10-02,USA,USD,com.pustotin.zerobalance.warmth.toast_pebble,0.95
2026-10-02,UZB,USD,com.pustotin.zerobalance.warmth.toast_pebble,0.95
2026-10-02,VCT,USD,com.pustotin.zerobalance.warmth.toast_pebble,0.95
2026-10-02,VEN,USD,com.pustotin.zerobalance.warmth.toast_pebble,0.95
2026-10-02,VGB,USD,com.pustotin.zerobalance.warmth.toast_pebble,0.95
2026-10-02,VNM,VND,com.pustotin.zerobalance.warmth.toast_pebble,13000
2026-10-02,VUT,USD,com.pustotin.zerobalance.warmth.toast_pebble,0.95
2026-10-02,XKS,EUR,com.pustotin.zerobalance.warmth.toast_pebble,0.95
2026-10-02,YEM,USD,com.pustotin.zerobalance.warmth.toast_pebble,0.95
2026-10-02,ZAF,ZAR,com.pustotin.zerobalance.warmth.toast_pebble,9.99
2026-10-02,ZMB,USD,com.pustotin.zerobalance.warmth.toast_pebble,0.95
2026-10-02,ZWE,USD,com.pustotin.zerobalance.warmth.toast_pebble,0.95
